Unnamed: 0,start_time,end_time,start_unix,end_unix,mean_nni,sdnn,sdsd,nni_50,pnni_50,nni_20,pnni_20,rmssd,median_nni,range_nni,cvsd,cvnni,mean_hr,max_hr,min_hr,std_hr,lf,hf,lf_hf_ratio,lfnu,hfnu,total_power,vlf,ODI-3%,CVHRI,CEI
27207625.0,,,1614194639.5,1614194669.5,647.2079165536544,33.245602439086376,14.296468886105467,0.66,1.5148630956865397,4.323333333333333,10.119828715024612,14.366443723838152,645.5866666666667,125.38666666666667,0.02212777776024346,0.0513205980206574,93.18192372773674,100.81546284626893,83.44839591649605,4.633076166422832,449.9617815868058,88.18255852489752,6.56763987194745,81.77539688909305,18.22460311090695,932.7942306047983,394.64989049309486,37,12,17
27251875.0,,,1614194816.5,1614194846.5,698.2478768379514,25.20549834715568,12.401844493646179,0.12333333333333334,0.2989235327899984,3.5733333333333333,8.87467371192854,12.457954776514017,697.6,98.37333333333333,0.01792644852731278,0.036495694246326926,86.23506747311384,91.83546087030008,79.68255008835484,3.1219685266620525,238.84382559902696,54.92793549416029,4.597488737015615,76.00660221798528,23.99339778201472,537.2548662541425,243.48310516095518,37,12,17
29144125.0,,,1614202388.5,1614202418.5,900.493899833247,89.34495726836943,44.627350410059414,5.51,17.917397627554745,17.05666666666667,55.503700028651366,44.81926829544872,912.7933333333333,337.61333333333334,0.04994047052619751,0.09941157385114442,67.50362637851428,88.35925945799691,57.61111224993508,7.5358659484826545,2562.794508896487,809.3877784074086,3.9546510946601794,73.12580953536916,26.874190464630846,5414.289880170335,2042.107592866439,37,12,17
60743625.0,,,1614328826.5,1614328856.5,589.7054974329084,29.602725677208024,12.487770503883723,0.37333333333333335,0.8184267902584277,3.4566666666666666,7.4740909992485465,12.547766590592074,588.18,122.3,0.02085512578314731,0.04956410703017743,102.42670219683646,115.4799463261353,92.73362671693675,5.285425692042811,493.3541335805645,214.03352865845062,6.695718190929697,80.11885948346584,19.881140516534174,1067.591490366657,360.2038281276415,12,22,3
15727750.0,,,1616799514.187291,1616799544.2809365,803.8100525059147,29.506840337943146,21.93515811510084,1.1471571906354514,2.9748107256907184,3.5551839464882944,10.072599194957197,21.99067657981315,808.0602006688963,132.87625418060202,0.028220366971212666,0.03808290624425886,75.16063930008,92.53431281191932,71.62303547085243,4.069729229331366,417.7722948707438,568.5117452359211,1.3747781766933223,49.43075607779431,50.569243922205686,1315.4119653162272,329.1279252095624,8,7,3
16173500.0,,,1616801301.6020067,1616801331.6989965,773.2530031734925,19.1741479834036,13.118278307028932,0.3612040133779264,0.9392775983164999,0.903010033444816,2.4150621454327306,13.150444944732874,776.2040133779265,86.89632107023411,0.017430956358338634,0.025427457550703643,77.85438739535502,89.40030798337361,75.15386263877664,2.7511849223616487,205.5173275454129,264.1161777275283,3.1844883145119116,64.97865587160545,35.02134412839455,642.5476280543882,172.914122781447,8,7,3
15224250.0,,,1616797495.3846154,1616797525.4816053,759.069170110299,22.917166829348854,16.82173148523051,0.7959866220735786,2.0700988664375393,1.0769230769230769,2.840613767387223,16.862513162832695,762.2775919732442,107.67892976588628,0.0227441440159176,0.030845244490046518,79.37124707801671,95.80786954852763,76.49978753025519,3.614533463982662,287.4278845798643,418.8508853791383,2.3283678621193933,63.12105819147574,36.87894180852427,866.0854861297124,159.80671617070993,8,7,3
15688625.0,,,1616799357.5,1616799387.5,800.9132776689727,34.054154376864126,27.10857264616396,1.6333333333333333,4.496174434564527,3.1666666666666665,8.93903931318792,27.17147892763469,807.8566666666667,159.0,0.03487994731191469,0.04376864616090802,75.47377666775667,97.81409838267226,71.77237306706137,4.982445643385918,533.1933269797304,851.6590580232644,1.0785727031576517,46.743806077371346,53.256193922628654,1679.6223932248174,294.7700082218225,8,7,3
15855500.0,,,1616800026.5117056,1616800056.6086957,773.1285977265801,24.85764621020988,14.364317807005866,0.7224080267558528,1.8747512762650944,1.234113712374582,3.2581354114949073,14.430680273677481,774.8127090301003,110.36789297658864,0.01913058321005199,0.032806418316058614,77.90918878780862,90.91917160748665,73.82665851131212,3.3796493126064764,222.41410850691614,365.8411757725629,4.1153712664911195,70.84085514578372,29.159144854216294,878.7210682352145,290.4657839557357,8,7,3
16109875.0,,,1616801046.5,1616801076.5,758.8859089967201,39.25767539192137,26.17832588628772,2.026666666666667,5.127139591099796,3.05,7.8253577559418375,26.256951665750908,768.94,175.19666666666666,0.035832040238220654,0.05372620100820915,79.95360710745182,106.77854776764102,75.00267350009668,6.444525751331895,733.1428445388458,1082.802225767201,2.6975242500502814,59.120589347063564,40.879410652936436,2521.521068652654,705.5759983466072,8,7,3
18026000.0,,,1616808731.160535,1616808761.2541807,681.4630134553438,8.169724643031431,4.981418796827946,0.0,0.0,0.09364548494983277,0.22962721266008645,4.9964511441226165,680.8461538461538,33.31103678929766,0.007325494355900489,0.01198638206637544,88.06550533808324,90.01251322436956,85.74425777510538,1.038321737861423,17.884151165072126,4.581758134486261,4.3338977857566645,77.96061203497804,22.039387965021966,51.0106430665963,28.544733767037908,7,5,1
35871625.0,,,1616880289.5,1616880319.5,816.5488374658668,27.152733349001025,16.90719860758616,0.7233333333333334,2.083929459223452,2.9366666666666665,8.787921261222845,16.987968803084126,813.3216666666667,106.45333333333333,0.020828127410714402,0.033062437136523584,73.66646201028264,77.23776735146,68.2959778479501,2.2767783336091068,259.86902878617764,103.06233710942321,2.3033106413897153,60.79119464560379,39.20880535439621,693.8696228681367,330.93825697253584,7,5,1
35845750.0,,,1616880185.7525084,1616880215.8461537,813.7527359624657,20.034313376090648,15.79203394587789,0.6622073578595318,1.8924960114891467,1.9765886287625418,5.881001129696847,15.836754625911237,811.128762541806,84.66555183946488,0.019490462511257335,0.024667307920952636,73.85170416743914,76.58384942375727,69.42821578280133,1.6930035320932098,189.31914295969875,91.96059002232518,1.4089290316839893,54.27073916474533,45.72926083525467,402.9742651729563,121.69453219093238,7,5,1
35973125.0,,,1616880696.5,1616880726.5,870.1773576473632,36.92825425887881,17.163397017098365,0.2833333333333333,0.928106425770497,6.573333333333333,20.907735553013804,17.30738887818741,871.7666666666667,126.98,0.019791089264296544,0.04256452226813761,69.25618610706555,74.46007765713073,64.34392828388017,2.9257220264207886,261.09504826196286,93.20417686127112,3.3034352564225484,66.68748250065138,33.31251749934862,1065.2524108919088,710.9531857686749,7,5,1
17363375.0,,,1616806074.5,1616806104.5,727.1507164131667,23.76566595852794,16.275679429131674,1.1133333333333333,2.573113232642444,1.4466666666666668,3.435547005602533,16.325992310230223,730.1866666666666,106.29333333333334,0.023497110993856176,0.03379591789563452,82.97301521059434,97.46296281063849,78.88895950337813,3.7307616025110217,191.14971272638442,376.9787483282444,2.089279628457485,61.30999598450158,38.69000401549841,802.2787332299185,234.15027217528976,7,5,1
18052250.0,,,1616808836.5117056,1616808866.6053512,681.919245624861,8.885443663414799,6.841093058692215,0.2809364548494983,0.6714211910394307,0.3745819397993311,0.9010484036995171,6.855972984887915,681.6488294314381,42.12709030100334,0.010096356944649129,0.013052150445081024,88.01230102872199,90.81325044899985,85.31567478813619,1.1394077211882758,18.523732231106667,7.6513433887926405,4.030170883672439,73.91575340357764,26.084246596422346,54.21960480634653,28.044529186447228,7,5,1
18737375.0,,,1616811583.5,1616811613.5,763.6972179270673,46.41014047187999,19.286582660328683,1.3333333333333333,3.6308660010464746,4.796666666666667,13.176175607839506,19.477309866874364,765.1733333333333,170.89,0.02547127638583938,0.061001399341349856,78.97718691858034,88.10740264031034,70.3879860274999,4.7773021087489145,304.4773829818724,152.8632235334812,3.0631039096536936,68.92134362080465,31.07865637919536,1581.778896742816,1124.4382902274624,7,5,1
18904250.0,,,1616812252.6488295,1616812282.7458193,768.0670072684981,62.99831025307652,28.655309592548335,2.6354515050167224,6.504017299991871,8.933110367892976,24.443644069806517,28.921375138207935,771.185618729097,252.96822742474916,0.039182075989248714,0.08418583788602658,79.41462355344987,99.49168923273164,67.72522468780704,7.56665871101238,1297.3506787738263,550.8559539637358,3.0424829146320764,69.60373608186177,30.396263918138246,3399.6547622439834,1551.448129506421,7,5,1
36032500.0,,,1616880934.438127,1616880964.5317726,885.9373579399155,51.21974757439314,25.25099063676741,1.6354515050167224,5.092556849590453,7.705685618729097,25.049120647922884,25.503536058900092,888.4832775919732,189.46822742474916,0.02912266951879009,0.05820558939577362,68.24345612054623,76.86650876015794,61.49734758278829,4.008522225939891,477.076491727999,193.13826321710948,3.075697657290615,64.04208378473622,35.95791621526378,1916.5161943822059,1246.3014394370975,7,5,1
36206750.0,,,1616881633.0,1616881663.0468228,806.4972845256094,20.838647276535074,18.344835778443233,0.36789297658862874,1.0389127780432128,2.277591973244147,6.616756361001885,18.377822594115884,808.3511705685619,96.61204013377926,0.02308158055543825,0.026190375727953474,74.67151280650174,87.56793032355984,71.69530262567669,2.992214111549527,219.03908600027637,444.86899172882175,1.2401348270041992,49.92067504063723,50.07932495936278,776.956768831684,113.04869110258585,7,5,1
35871875.0,,,1616880290.5,1616880320.5,816.5881707992002,27.31263547768415,16.931854074031065,0.7266666666666667,2.0937333807920795,2.95,8.827136947497355,17.013401336065193,813.295,106.85333333333334,0.020858248850511768,0.033254476233192366,73.6641745645227,77.25384901953099,68.27776853186165,2.2899719656481983,261.24168472730224,103.29199386201091,2.3128635985575285,60.83617042530057,39.163829574699434,701.5874912350497,337.05381264573646,7,5,1
41395190.239043824,,,1616902439.2031872,1616902469.318725,840.546706099288,204.34065090290258,159.3163188780245,18.45816733067729,60.09499466816706,23.50996015936255,76.12278988720156,159.9030234152774,852.8789840637451,843.7556440903054,0.1936481960766578,0.24663529035183013,78.26466192652573,148.18986237717974,49.02823487719113,23.180635798098727,11229.135219775086,12260.033527081663,1.0301283786608721,46.20730910638225,53.79269089361775,30277.85525462693,6788.686507770184,12,7,3
42831500.0,,,1616908200.6354516,1616908230.7324414,810.3872001214174,20.45597936757621,18.17448885282255,0.8729096989966555,2.455171649545051,1.9498327759197325,5.586252146354448,18.20635591123084,812.1070234113712,106.19397993311037,0.022740559349778443,0.0255686186873971,74.2594536540064,85.22996925949637,70.51481740258582,2.644730333935129,303.40692408347957,388.5750783709767,0.829413198418317,39.0089245177235,60.9910754822765,763.7544661844989,71.77246373004262,12,7,3
41286750.0,,,1616902004.3846154,1616902034.4782608,916.6768749462375,76.37240388996307,23.147421024397037,1.0702341137123745,3.5042354028425513,10.936454849498327,36.5532400767505,23.698571027984112,922.6822742474916,241.09030100334448,0.025897580715691572,0.0848665070420148,66.2087589850157,76.10301450625496,57.96752004878655,5.75392552835646,950.9607187734514,188.55601186435283,5.386704385156042,76.19188692475723,23.808113075242776,4135.831520073144,2996.3147894353388,12,7,3
41336375.0,,,1616902203.5,1616902233.5,904.5382191073227,90.33647456636169,43.22366190845665,4.39,13.70285064510443,12.843333333333334,41.57108956707817,43.70498005380889,912.1958333333333,334.6066666666667,0.04882631564369034,0.10140814414078365,67.4029068347898,86.59807961335476,57.14350596245609,7.469581739185915,1413.7764631736086,993.8067534461102,3.5883574790891286,67.2286707781611,32.7713292218389,5747.069216457885,3339.485999838166,12,7,3
43347500.0,,,1616910269.735786,1616910299.8327758,793.902777740939,33.87826960312006,25.48972950522253,1.351170568561873,3.815307984105938,2.5585284280936453,7.27423147979414,25.554499698813565,798.4548494983278,166.7257525083612,0.03258274701480409,0.04318084493762055,76.02952495605729,96.80851292573098,70.74447421557652,4.807517473484509,510.69135436137776,735.3708025905324,1.8474169911406244,53.64441880272902,46.35558119727098,1536.2725603387248,290.2104033868148,12,7,3
60307125.0,,,1616978279.5,1616978309.5,788.47497184491,51.16648841518175,15.114490288381063,0.0,0.0,4.923333333333333,13.96883491589374,15.34041529003766,795.4933333333333,163.06666666666666,0.01943278765938674,0.06518066325100227,76.51062699594897,85.67429836920695,69.4440310859913,5.045464664633506,455.50109592112943,91.31198188711552,5.724651861024722,80.38843641215311,19.611563587846888,1972.629009870038,1425.815932061793,149,33,27
,,,,,,,,,,,,,,,,,,,,,,,,,,,,149,33,27
,,,,,,,,,,,,,,,,,,,,,,,,,,,,149,33,27
,,,,,,,,,,,,,,,,,,,,,,,,,,,,149,33,27
,,,,,,,,,,,,,,,,,,,,,,,,,,,,149,33,27
60160875.0,,,1616977693.5,1616977723.5,781.5569952341345,27.40209252323286,14.500668191985287,0.27666666666666667,0.739318265634055,4.12,11.477064081088848,14.568244481541702,785.8766666666667,98.53333333333333,0.01869881960832186,0.035273302734802205,76.9340677740319,82.5372677401968,72.58220921637022,2.7422660155329637,177.75345672359407,78.97613976126345,3.5481733678185012,63.36652783067361,36.63347216932639,594.4252454897774,337.6956490049198,149,33,27
62945250.0,,,1616988945.8247423,1616988982.9381444,662.0277047929367,222.58788111826948,145.83984794155532,39.65979381443299,70.79147484933493,51.27835051546392,90.28910398005628,146.18037165126233,629.6443298969073,985.2027491408935,0.2206081015560432,0.33213331281417857,102.95976810472378,183.7319210993795,47.9209838044598,32.711871835696186,14688.532038175968,11033.716649491818,1.6004557337442316,57.50377485275055,42.49622514724945,36626.68271349683,10904.434025829056,149,33,27
62956000.0,,,1616988999.0,1616989036.090909,944.2481449775461,348.70120300025025,182.51230317719975,25.363636363636363,80.1321836086957,28.0,88.78482973886808,184.43307834415293,925.3863636363636,1345.7272727272727,0.1938958521552398,0.36511433513579733,74.03234451847267,158.08612440191385,35.70453654200965,29.996372492914336,31193.072974228267,15296.849480703748,2.1641740684880713,67.17246314923311,32.82753685076688,70759.4858910324,24269.563436100376,149,33,27
,,,,,,,,,,,,,,,,,,,,,,,,,,,,149,33,27
,,,,,,,,,,,,,,,,,,,,,,,,,,,,149,33,27
,,,,,,,,,,,,,,,,,,,,,,,,,,,,149,33,27
49637250.0,,,1633376624.0969899,1633376654.180602,1072.397176467079,16.824533664113368,18.025622667856993,0.1806020066889632,0.7248520710059172,6.829431438127091,26.972226769885634,18.054450133829963,1073.1170568561872,62.62207357859532,0.016838667503131267,0.015700304480225618,55.96630619506831,57.654811825407016,54.37438600020351,0.8643812130681509,40.985203592477944,55.09399417511333,0.7673728904464286,36.82128372275329,63.178716277246714,133.2817389862241,37.2025412186328,10,2,0
51396125.0,,,1633383665.5,1633383695.5,765.872136855133,19.968079271854105,15.231767403761818,0.2,0.5785362098055598,5.383333333333334,15.26156401187361,15.281832663933049,763.8733333333333,75.73333333333333,0.019781008324123106,0.025927220121757806,78.53891974823046,82.119183164297,74.47844048408822,1.9919917252234594,78.82240249025817,55.75577995870933,1.6280092767156926,55.00678216032758,44.99321783967242,297.3497806237417,162.7715981747742,10,2,0
80646125.0,,,1633500760.5,1633500790.5,751.9195532124402,11.413297265345776,7.993825639094286,0.0,0.0,0.4633333333333333,1.255212905212905,8.010935447197223,753.1333333333333,44.053333333333335,0.010650394172493376,0.015219459543691976,79.87176429064345,82.48735706242469,77.75187363166583,1.2107876147706471,38.930848776798015,14.799362164871697,2.6374644087885764,61.76602368949037,38.23397631050962,96.58664434402748,42.85643340235776,12,3,0
102834125.0,,,1633589585.5,1633589615.5,759.6573456614509,18.118622313832972,9.800725097630938,0.18333333333333332,0.4949291396659818,0.77,2.0863002099844206,9.844629011393094,760.48,73.28,0.012968828819765712,0.023875528250505772,79.0686095173491,82.70809577022072,75.21571096314383,1.8492628714296575,102.87692068945056,23.263167198175573,3.9571209071245947,74.75254204665997,25.24745795334004,265.41687101791,139.27678313028383,22,0,0
30305125.0,,,1601940859.5,1601940889.5,797.4495743420845,63.487496849737,51.35391166410254,4.876666666666667,13.435412254142905,6.43,17.75723890987049,51.462167642913116,812.4133333333333,314.675,0.06540882379918585,0.08138183236412931,76.5324622387193,113.65669657228932,66.9474859420273,9.11857536947698,1765.0246498394415,2119.3459323436186,0.9034724105670523,44.212857062204904,55.787142937795096,4685.752035945449,801.381453762389,101,3,28
29075500.0,,,1601935933.6488295,1601935963.7391305,784.2123244539679,74.10449176488471,46.9765631462721,4.454849498327759,11.991059287258176,7.451505016722408,20.423060671722357,47.09896464038521,807.6822742474916,329.3010033444816,0.061430288578366396,0.09724094766585832,78.40186365661775,123.12731040269901,68.84847070305116,11.615775659784482,3443.5664948020603,2576.756437234615,1.1514027292743767,45.5680231058022,54.4319768941978,7246.365542312957,1226.0426102762817,101,3,28
30053250.0,,,1601939850.0602007,1601939880.1505017,810.3230818723913,45.035837896836924,36.09535372765862,1.4581939799331103,4.176623338169432,2.859531772575251,8.25994928633739,36.181430528526604,811.695652173913,208.03678929765886,0.0442877667892269,0.054915959586875,74.71282607933674,95.99139278357583,69.26584241173724,5.104071430897776,1269.7307621861441,868.4945550040368,1.3936928447338504,44.61276668737869,55.38723331262131,2782.844568698938,644.6192515087572,101,3,28
30244000.0,,,1601940614.334448,1601940644.4247491,765.307618271768,70.79545380478685,54.802312596145725,5.501672240802676,14.227516731923048,9.357859531772576,24.536130523618834,54.91732235500814,787.8227424749164,314.1488294314381,0.07353583762458026,0.09504179955872516,80.23661112102704,128.99279842317208,71.84047024778955,11.956421439345071,2026.3607727142326,3129.4550153987743,0.7504331864638558,40.48756630959223,59.51243369040777,6080.2339784815285,924.4181903685217,101,3,28
29087750.0,,,1601935982.812709,1601936012.9030101,788.8209675595168,71.16120970260764,48.39084947951739,4.357859531772576,11.79540704893532,7.575250836120401,20.92182879533905,48.51859611142121,810.4113712374582,325.5886287625418,0.06290972394546103,0.09289082955586753,77.86332505626459,122.45161217255925,68.6659960839466,11.213804025134984,3057.0078149393635,2654.2138047921876,0.9527264694793823,41.21356264427809,58.786437355721915,6758.244885556795,1047.0232658252446,101,3,28
30280750.0,,,1601940761.826087,1601940791.916388,781.6610167950108,68.39701839295539,52.98253163467053,5.070234113712375,13.699733818292067,7.6923076923076925,20.897325195268806,53.10699712044471,802.7725752508361,314.6321070234114,0.06893940836368814,0.08926073410023586,78.28212037929504,122.7560115308284,70.40867936325603,10.68124332229759,2042.2773798111018,2533.973348332233,0.8614280836009924,42.881146778515664,57.11885322148433,5523.4529753845645,947.2022472412307,101,3,28
33462750.0,,,1601953509.0,1601953539.0568562,746.945952785531,6.904096490887819,7.236135395491782,0.026755852842809364,0.06973311849213978,0.14715719063545152,0.38975748797963194,7.243628083061816,747.5752508361204,27.91638795986622,0.009702044041080209,0.009253005044464179,80.34268930347012,82.23727114228315,79.13104956819114,0.7481238466368523,11.98698592301249,11.640429668208585,1.491647626725013,46.69565128479492,53.30434871520508,37.763953488036876,14.136537896815799,67,0,19
35200125.0,,,1601960469.5,1601960499.5,817.9868357873452,49.39115777396211,35.39019086015238,2.9766666666666666,7.757222863763089,5.1066666666666665,13.969792289962886,35.51275064241956,826.8327777777778,211.28,0.0455095013117949,0.06390813262069553,74.65713162206073,95.39177978860283,66.2348323610754,6.73714029972323,1347.7736937948455,1687.032966329114,1.1906539672505823,47.24187750714409,52.75812249285591,4132.228278006369,1097.421617882409,67,0,19
30721000.0,,,1601942525.0,1601942555.020067,763.1161839742222,77.01170613283914,60.16911251986191,7.240802675585284,18.777826679720707,9.949832775919733,26.17796119594066,60.27623724664939,791.8026755852843,354.66889632107024,0.08072610894003097,0.10378147105310069,80.6668254543573,135.6809476765332,70.80617602650905,12.925180598881449,2417.1938301208224,3253.8586359908563,0.8183554085213381,41.22168531784812,58.7783146821519,6646.749609983096,975.6971438714166,67,0,19
33661750.0,,,1601954306.4749165,1601954336.5685618,697.1124732182464,44.383259600968415,36.942335765046096,4.351170568561873,10.058261047019023,5.498327759197324,12.812827523850421,36.99192910093014,709.872491638796,221.8428093645485,0.054376974361912876,0.06575215962115162,87.23192273962799,128.04061506889994,81.6470023053858,8.678445829985524,894.2663884523921,1368.4450835984405,0.8838368519964339,42.16924326950412,57.83075673049589,2679.9452728688875,417.23380081805516,67,0,19
55176000.0,,,1602040497.5852842,1602040527.6755853,770.0416008017837,24.226885181205258,20.473512396091465,1.117056856187291,3.013826618825738,1.882943143812709,5.114857584933276,20.511270482132623,775.1204013377926,121.40635451505017,0.026992137855378972,0.03204289907557258,78.26014363639537,95.28837288693336,75.20834569200719,3.683608977136755,363.6154124615993,512.1282970545179,1.239467526605042,48.31462766562864,51.68537233437136,1078.4546762642722,202.71096674815473,38,0,13
60457500.0,,,1602061657.0,1602061687.090301,855.3379794970588,14.877663821757556,10.748530941660007,0.0,0.0,1.2073578595317727,3.731559893644293,10.775890856731936,855.5484949832776,55.264214046822744,0.012599704377941907,0.017470262318081225,70.18296130749472,72.58855620421332,68.00059925507985,1.2188241052430295,39.10455673372079,20.833093596348863,1.7829785806081457,48.82685287627027,51.173147123729734,170.95244664083705,111.0147963107674,38,0,13
72641375.0,,,1602110470.5,1602110500.5,737.9887293366751,56.05925398719097,38.937452022619276,4.13,10.001745929973424,5.056666666666667,12.244579318436092,38.990241227641945,761.4066666666666,220.95333333333335,0.055433623275180775,0.08047567221874549,83.44351246749363,122.88634589889053,76.35949201316777,10.737784982546584,2261.9316820958434,2448.4555505824483,1.143793642242277,49.07789774175321,50.922102258246795,5941.64298657619,1231.2557538978974,38,0,13
73805250.0,,,1602115133.4548495,1602115163.5451505,754.5393779378921,36.529838487994255,32.933021231679966,3.331103678929766,8.356679103766924,4.438127090301004,11.295642494691867,32.970134493914294,763.2073578595317,189.7408026755853,0.044798723140814185,0.049949224693320145,80.25396534110553,104.61530371451134,73.43851223085866,5.763013557037073,727.2976214559953,1025.7289280927284,0.6781004241056574,37.55287614402523,62.44712385597477,2126.60254752152,373.5759979727969,32,0,9
74425250.0,,,1602117617.5518394,1602117647.645485,765.4721436176945,26.64617953509904,22.736911972573477,1.120401337792642,3.0295567023255807,1.5719063545150502,4.264074344165877,22.776701172790194,769.1070234113712,133.55016722408027,0.02996072704901302,0.035100615808764286,78.69162714819834,95.68673114023318,74.85085804442352,3.817748417814981,333.5849629000763,538.1908087491934,1.2467509284086324,49.10625677486148,50.89374322513852,1038.3298990670335,166.55412741776385,32,0,9
93723500.0,,,1602194936.6989965,1602194966.7892976,753.0771241255775,51.10684609793563,41.89589712852289,3.1471571906354514,8.197472499746162,5.133779264214047,13.46650876986669,41.970491088098896,764.0501672240803,267.95986622073576,0.05659681053563975,0.06919217701576157,80.83726272667604,125.21219152218299,72.94937220223571,9.368628857522785,1117.6168144271771,1890.4904073020962,0.8188151378458114,39.805305161731965,60.19469483826803,3531.2438076807866,523.1365859515133,32,0,9
94065375.0,,,1602196306.5,1602196336.5,742.9687636444039,47.94021401057255,39.12505676576663,3.72,9.53851855382515,4.776666666666666,12.286557385788662,39.192323677041855,752.8866666666667,249.89666666666668,0.05349267835841083,0.0654052814752999,81.60467673623808,114.39524422196827,73.73693963116308,7.4318671243295285,900.3296582311714,1327.4756512590052,1.0933173125047562,46.26207115318247,53.73792884681753,2595.531800572921,367.7264910827447,32,0,9
100190625.0,,,1602220825.5,1602220855.5,456.21200029469094,100.36673822673424,78.32299237884149,31.076666666666668,47.67166818113458,46.71333333333333,71.66543896798255,78.38924319089065,437.0395555555556,500.0,0.17093574249567242,0.2175113613975291,137.55392657041745,190.933782437671,75.9655985891647,25.63885686081573,3238.432755051995,3543.087144908012,0.9311772529929427,45.50913152333874,54.49086847666126,8547.188182962407,1765.6682830024,47,0,11
95497875.0,,,1602202045.5,1602202075.5,787.9867011218684,31.443811357747084,26.78070537535092,1.49,4.054095516943814,2.9133333333333336,8.110770489563059,26.824049582517933,794.5933333333334,147.29333333333332,0.03478659242907373,0.04084440445439556,76.718698039556,96.58570521126376,72.55384034516993,4.739858576325449,516.7903187548243,1002.2151300771786,1.8244311673637792,55.11106367692879,44.88893632307122,1825.979879211941,306.9744303799382,47,0,11
97566125.0,,,1602210322.5,1602210352.5,510.7798583765582,135.3538721682369,99.83835597708283,38.13,58.47026938812943,52.49333333333333,80.01927173434399,99.90893213771541,487.67,620.9644444444443,0.19304376596693149,0.2623092448654528,126.25547290404832,194.4453291357254,66.70607278572157,30.50570198040629,5750.532775431083,6203.889449081751,1.082799515512765,47.870693130887375,52.12930686911263,15101.902184565564,3147.4799600527285,47,0,11
97601125.0,,,1602210462.5,1602210492.5,507.0054162938856,131.6189611261762,101.96297170565906,39.61666666666667,60.05096443745578,54.833333333333336,82.58710849023376,102.03088887851122,486.3994444444445,598.76,0.19887006835837212,0.2569959985618853,126.82922077494777,194.43124540581564,68.53441544972343,30.369092692130835,4815.5488199006995,6979.3302368313925,0.8234415007053365,41.53691663596476,58.46308336403525,14537.73423789533,2742.8551811632406,47,0,11
97981531.25,,,1602211984.4493244,1602212014.5236487,514.9361521158805,147.55630161195953,108.04093209408198,35.55067567567568,59.13522907930807,51.86486486486486,83.90410677520757,108.31319211064937,487.3072072072073,678.8986486486486,0.2071362896561729,0.2799534520389093,127.69683493975164,192.9713254939611,63.3637851909913,30.590231962842577,6183.037863155569,6937.197612726891,1.0441446248248107,45.99484206211335,54.00515793788666,18567.881260397997,5447.645784515536,47,0,11
98036125.0,,,1602212203.5,1602212233.5,486.8011505727371,117.60649198860074,87.79936210028228,35.74,51.942750013151354,54.21666666666667,78.7547605399167,87.85036543073213,463.14888888888896,543.96,0.18061804604146692,0.2410386723505822,130.22049948573635,195.59776530232338,71.22276394479752,28.72581777945088,4470.323653791256,5284.825008583288,1.0314934348594353,45.221307320742966,54.77869267925703,11201.90753467222,1446.7588722976768,47,0,11
98092375.0,,,1602212428.5,1602212458.5,508.1152198391126,136.98882184091565,101.24586431781196,36.8,56.22742408490769,50.64,76.78762925594539,101.31336721617818,482.7498888888889,613.2933333333333,0.19880646681650863,0.26873153769567815,127.56228484882071,194.17541482019868,65.99604076951715,31.187101952640145,6978.402877654629,6452.491861213084,1.2683870565283342,50.45849717822106,49.54150282177895,15203.610904551497,1772.7161656837832,47,0,11
98130125.0,,,1602212579.5,1602212609.5,595.6199896039562,172.95863327708298,119.7275908619454,33.60666666666667,60.51768803415121,45.96666666666667,80.73743721799032,120.36431509451918,562.6837777777778,724.8088888888889,0.20314904942913362,0.285858756586465,117.38665985793406,183.006306170597,60.69372398108969,30.13767922126049,9624.254836967219,7613.3583631228375,1.3732300109778537,50.1634557948077,49.8365442051923,24054.422198135162,6816.808998045108,47,0,11
98921789.69957082,,,1602215747.1587982,1602215777.1587982,692.9253223299902,194.46807368948242,144.26621749239266,34.51931330472103,72.63244249777178,42.377682403433475,86.51659730602545,144.92553187805353,667.0665236051502,840.7982832618026,0.21556441257177847,0.2889859122220186,102.93884003859361,169.7388972822156,51.4716912901509,27.880775410810752,10073.914980464351,8908.692902616509,1.314979505523713,50.31460011890489,49.685399881095115,25026.759347087915,6044.151464007052,47,0,11
98984875.0,,,1602215999.5,1602216029.5,836.596547530101,215.94933932882108,166.55990818607393,27.913333333333334,75.6215373212333,34.86666666666667,89.58386883368351,167.34030184486062,817.8102222222223,868.0773333333334,0.2071878109307901,0.2642337859900095,88.19028609771964,142.31788665790427,47.69702763118866,22.848640190075965,11875.526251818235,10042.39446064768,1.368360203510978,49.9393063427422,50.0606936572578,29334.641991279783,7416.721278813866,47,0,11
99051624.14383562,,,1602216267.2876713,1602216297.359589,855.7938295473446,268.49588348186415,201.32920558262424,23.575342465753426,72.20745217922821,30.273972602739725,88.27776208745799,202.24615744219605,799.8598173515982,1096.8219178082193,0.2378319722649213,0.3154935420967468,83.93200098155268,141.4807298977926,40.18560809083516,24.237613102200598,21562.71683021894,11873.365790215963,2.207009338386369,60.37446920287452,39.62553079712548,44462.21146728953,11026.128846854623,47,0,11
99087195.61403508,,,1602216409.7824562,1602216439.7824562,927.9768533168403,239.0345491706849,180.58297139753407,23.75438596491228,71.73530339353698,31.75438596491228,88.91381557234168,182.17514505328018,905.7380116959065,969.1017543859649,0.21112617252443927,0.27944399869329184,84.1400846393603,137.38764826369277,42.01707643887914,23.02159648076484,14999.498120367933,11179.440497743712,1.7813976079948837,57.1374579623328,42.8625420376672,34592.62515018372,8413.686532072077,47,0,11
99100598.4589041,,,1602216463.3938355,1602216493.3938355,856.7831992983633,207.65599230284076,160.5912009776679,26.294520547945204,69.09308713682897,35.25684931506849,87.06269461927285,161.79096755177682,838.9948630136986,869.1712328767123,0.20164417081437255,0.260008902121347,91.44985814367114,145.992141537073,47.72790010273757,23.087441929855363,11782.836604824612,9323.01419782754,1.622445691068868,54.46113852989541,45.53886147010459,27499.54189795883,6393.691095306673,47,0,11
17017250.0,,,1614762505.1003344,1614762535.19398,609.1600174082176,4.987277251926817,6.625509522512874,0.18729096989966554,0.40096652733904875,0.3779264214046823,0.8123044196727983,6.627269569765197,609.314381270903,25.31103678929766,0.010882365134006084,0.008186861115661553,98.50650627368702,100.75251902149787,96.6169350127571,0.8033967838241298,1.8341134756787358,8.876322376612393,0.20872880197441052,16.181800105865914,83.81819989413408,13.408413970591186,2.6979781183000564,27,2,33
17211125.0,,,1614763282.5,1614763312.5,619.4012090828109,5.384234997142159,5.763803395918101,0.0,0.0,0.0,0.0,5.768429373702829,619.72,23.106666666666666,0.009308632095636215,0.00869588542453005,96.8864974364134,98.62730717338844,95.01968537876138,0.8336557576744771,4.517544405748571,4.522728036078761,1.263117049838705,46.8237941048036,53.1762058951964,19.16621070949066,10.12593826766333,27,2,33
17340125.0,,,1614763799.5,1614763829.5,611.4561784356049,6.156645542229711,6.959124267678671,0.28,0.606845513413506,0.28,0.606845513413506,6.96283528797082,611.4533333333334,29.813333333333333,0.01139481946965114,0.010077962488621006,98.14223575481525,101.46238105075471,96.3940812147898,1.0160139650435844,8.516440639469295,13.289452729569536,1.1697675721757974,42.787118927998314,57.21288107200168,29.632245723814837,7.826352354776002,27,2,33
23879375.0,,,1614790011.5,1614790041.5,569.1528432049743,13.904213660973488,21.213659823833925,2.933333333333333,5.9163271975456855,4.823333333333333,9.728378351340536,21.21932251625306,570.0933333333334,106.57333333333334,0.03723609566729428,0.024399690667401355,105.50857727262576,118.13865031049612,97.57873854830575,2.6822577522730127,12.190408346844967,50.36165034144398,0.3524814424214331,21.09289635658048,78.90710364341952,75.60628711350478,13.054228425215845,27,2,33
23947500.0,,,1614790284.3377926,1614790314.4314382,569.7299553333039,16.714384490039805,20.620759097019008,4.177257525083612,8.415586635992192,5.936454849498328,11.958780836749415,20.629751491598647,570.752508361204,88.02341137123746,0.036291103566220166,0.02937946071040108,105.46542166717266,116.03223446117563,98.79230040738571,3.2714748795573008,39.350836947198445,103.25374479940504,3.7010483786269472,51.00606668225424,48.99393331774576,195.5536679617018,52.94908621509833,27,2,33
25208875.0,,,1614795340.5,1614795370.5,579.2215688942243,4.2274885256250085,3.773238667634442,0.0,0.0,0.0,0.0,3.7763887107194205,578.6533333333333,16.173333333333332,0.006511642172573871,0.007275127327000381,103.60680078732773,104.9017225958728,102.04030465666497,0.7415414087355365,4.779242205686338,1.542527523392863,2.7925657842807126,65.98993928510069,34.01006071489931,15.74670082624369,9.42493109716449,27,2,33
40315000.0,,,1614855895.180602,1614855925.2742474,595.1571735717698,4.347872880358868,4.6496237168314645,0.0,0.0,0.0,0.0,4.651811058489935,595.1471571906354,18.287625418060202,0.00781435221318604,0.007302645733403704,100.82155554945525,102.35118713132988,99.25705068022931,0.7284903858643599,2.9113881932985106,2.556120174807279,1.2832268626204293,49.13746256762931,50.86253743237069,12.629260176883088,7.161751808777297,31,0,24
22387250.0,,,1610807446.722408,1610807476.8160536,652.3889157486739,43.010325622033115,36.81345669262845,6.230769230769231,13.213889435322075,14.80267558528428,32.90591624812031,36.85645185587254,664.2040133779265,192.685618729097,0.05803576495938459,0.06869662556921789,93.23138605678938,120.86765882064014,82.99266944278065,8.110994445419903,809.4420040924457,1036.098492702036,1.0556224463944248,42.79665301308428,57.20334698691572,2644.6600946616895,799.119597867208,110,48,44
22241500.0,,,1610806862.2408028,1610806892.334448,653.619083396098,42.625798339387,29.393274076511503,4.625418060200669,10.102312807513629,8.341137123745819,18.57318724488048,29.438122143056773,659.5886287625418,188.92307692307693,0.04561852450158383,0.06578605474020709,92.77606560556903,118.61719983017981,83.51122389136455,7.451552657715535,876.2646502991723,889.9351508946753,5.547309332674986,67.68807664135574,32.31192335864426,2447.6896608636976,681.4898596698497,110,48,44
22048500.0,,,1610806088.5852842,1610806118.6822743,655.134379711463,16.78626979716984,17.284104463610905,1.9030100334448161,4.486018679340339,7.304347826086956,17.17141062044759,17.301597412849443,654.123745819398,71.54180602006689,0.02624138225717619,0.02551693872524326,91.67507982780405,96.37230273711161,86.47451158574678,2.299631264380283,59.61326940800369,38.539124375456474,3.3596779489424393,63.8801001584977,36.11989984150229,172.99008141793294,74.83768763447276,110,48,44
22333750.0,,,1610807232.006689,1610807262.1003344,638.2178629790812,55.99333451251087,39.02075113369231,5.739130434782608,12.3037811670753,8.996655518394649,19.613337683635944,39.07820432050929,655.9063545150501,250.94147157190636,0.06242764565350356,0.08987577540530016,95.78569488729613,139.61157199158555,83.97691019036492,11.905552117270538,1514.208402736665,1715.9126076293396,1.7033849959852363,52.10289680486103,47.89710319513896,4317.4346066930275,1087.3135963270227,110,48,44
23310375.0,,,1610811147.5,1610811177.5,616.0629177126494,45.7518956185506,32.8782943649107,6.89,13.23474531554993,9.566666666666666,18.707570786115557,32.916517005944385,631.19625,198.47,0.05572775543278966,0.07791218311867053,99.14958634867445,138.42751686524556,89.15194855034778,10.575951848933961,981.2362032537085,1390.5818069980126,2.479051005620477,56.150480518838535,43.849519481161465,3184.0621470496903,812.2441367979696,110,48,44
23421875.0,,,1610811594.5,1610811624.5,656.3520987814612,49.15348785604062,43.65481359614302,8.673333333333334,19.674220155920768,14.14,32.23061942967504,43.70842995191044,664.8866666666667,258.03333333333336,0.06686028723306725,0.07562662549459269,92.47460207408277,130.09784021586867,80.47853148603005,9.015399427080832,751.1566651977702,1213.956738852174,1.1264925832848507,42.76629193827998,57.23370806172002,2422.1726352238666,457.0592311739226,110,48,44
23543250.0,,,1610812081.0602007,1610812111.1571906,664.75961196092,14.51408409075442,16.838081645667582,1.294314381270903,3.076197862875709,6.1806020066889635,14.707726379407553,16.849773214737354,663.5418060200669,66.30434782608695,0.025274620933773684,0.021789993686018496,90.33626122695516,94.59100787267434,85.62764605139411,1.9349339984318246,39.49520594057239,36.189302852098656,1.64457425310955,54.09994326116994,45.90005673883007,115.17718296396708,39.492674171296045,110,48,44
23679250.0,,,1610812626.4147158,1610812656.508361,647.1273004707127,12.919143334689434,12.921817024573444,0.9063545150501672,2.0682244393063396,2.9498327759197323,6.759018422314681,12.932426237244576,646.1571906354515,64.45484949832776,0.02001098913102029,0.01999710935499987,92.77243837093748,96.42441992487323,87.47024564073703,1.7954321565941889,36.978194113893586,31.347541249557537,2.991875346097677,64.9776862165274,35.022313783472605,106.77432609565564,38.448590732204515,110,48,44
23786750.0,,,1610813057.38796,1610813087.4849498,585.670375020023,99.02019082707079,73.72106735465177,19.140468227424748,36.78916885429518,22.97993311036789,44.1277529542896,73.79862625406896,607.5738573021181,502.5033444816053,0.1269724845868386,0.17029709317462413,106.55218947268835,177.0421149381317,73.85124576883616,21.40621825547564,3437.988822350566,4024.5935923827433,0.8985504726493826,45.13463048813972,54.86536951186028,9061.476098616904,1598.893683883594,110,48,44
41338250.0,,,1610883420.0,1610883450.0501673,681.1140398153893,62.82635861867287,58.77939093424591,11.608695652173912,27.505272383403966,19.585284280936456,46.81827028415108,58.834087848648764,693.7274247491639,281.7324414715719,0.08795113346645121,0.09526308137951028,90.1398305601267,131.6495221244967,76.64105946654288,11.677376572289432,1470.5348079879318,2274.7711199282376,0.5443685838664841,32.83234667526252,67.16765332473747,4343.851707945407,598.5457800292373,62,11,15
45531375.0,,,1610900229.5,1610900259.5,784.3658354006543,34.85109835915052,28.577817931538764,2.5733333333333333,7.228082454553043,6.033333333333333,17.03687937356668,28.636648129214265,782.0733333333334,162.06666666666666,0.03664712894321884,0.04445837379183157,76.77419880777927,83.36358756868059,68.1772488056375,3.260526360930809,286.9197047590852,244.84284755765844,3.8753276163080335,61.64672040585562,38.353279594144375,824.2646780562787,292.502125739535,62,11,15
46800250.0,,,1610905316.0167224,1610905346.1103678,712.1673777248402,39.47086534469717,20.91985643871658,0.9331103678929766,2.4465949212107785,8.719063545150501,22.39487680822591,21.019469332938744,709.4816053511705,150.02341137123747,0.02931178826456726,0.05510674469454531,84.67692492315746,92.6295818476277,75.66591685679391,4.5035578023111995,333.3054927960204,89.58370473581755,4.777648064508739,77.21340563453583,22.786594365464165,1420.9484739564307,998.0592764245927,62,11,15
46984875.0,,,1610906056.46,1610906086.5,660.0242424242424,10.599585373404066,13.703133962886255,0.0,0.0,4.1466666666666665,9.749302644793286,13.708406695748026,660.88,43.14666666666667,0.020763883592633276,0.016039572579510022,90.93605185602753,93.92826049356559,88.01191162925572,1.4415394561931798,16.932839189804675,8.146493907018474,1.8966001735135933,59.203283504977435,40.79671649502258,46.85614733709402,21.77681424027087,62,11,15
82549500.0,,,1611048636.0735786,1611048666.1672242,662.8585564547476,27.62757687040879,41.10413778560309,8.538461538461538,20.63099898396861,20.57190635451505,49.37781569739949,41.123569777517105,664.3645484949833,118.3010033444816,0.061093830774868324,0.04134748255846114,90.85399851588184,100.02115297645037,83.74060969360075,3.735339753083681,36.476563286873414,139.8827496150493,0.9922936278080157,31.736259147788278,68.26374085221173,257.1534076127939,80.79409471087122,158,6,15
84929438.7755102,,,1611058177.2687075,1611058207.367347,552.6534506285477,164.1236272832078,120.82501907632505,36.45238095238095,64.34781317365342,46.98299319727891,82.01406157983068,121.16198128521268,516.4997165532881,737.3537414965987,0.21222778594903763,0.2811087327095076,119.96212836329752,186.49262358555592,60.75009976546119,28.99103231049866,9693.296277829417,8560.71247619773,0.9989948645876553,44.639486064472855,55.360513935527145,24013.497407497685,5759.4886534705365,158,6,15
86293750.0,,,1611063646.826087,1611063676.9197323,686.9132756996605,35.01936552327509,23.385953925806408,1.4882943143812708,3.553849321926642,3.82943143812709,9.476478027371817,23.473110773027955,688.6588628762541,173.26421404682273,0.03455101243178676,0.05142997598007936,88.1283923535961,114.10734976831961,81.12496647693655,5.955092748990566,378.89194184808764,469.5644911267051,4.564285657659931,69.32169432841783,30.678305671582162,1244.983212264833,396.52677929004017,158,6,15
86045250.0,,,1611062650.491639,1611062680.5852842,754.24135974356,13.212346088434424,11.166770727195736,0.0,0.0,1.1438127090301002,3.1026902880449794,11.181575311783906,753.8494983277592,51.46488294314381,0.014812744083643954,0.017502986489750676,79.58769810343743,82.46894313889972,77.0276399457711,1.3766550441181264,41.89440424314626,7.636561377828002,5.722152670601662,81.8654042855926,18.13459571440739,110.55639367025961,61.025428049285345,158,6,15
107636000.0,,,1611149223.6080587,1611149256.4468865,729.1785239492881,9.962599001335244,5.318848307575793,0.08424908424908426,0.19653657527411678,0.08424908424908426,0.19653657527411678,5.341712181195332,729.2765567765567,35.5970695970696,0.007342983969170359,0.013747718544377873,82.3351817191787,84.45612347676511,80.39984038645589,1.1288345695531616,33.1113064089703,5.367483214939166,7.908580236258097,82.67699778787326,17.323002212126752,94.58891632090675,56.110126696997284,120,22,18
107719375.0,,,1611149589.5285714,1611149622.45,778.960971940371,15.847074654351536,7.385700528263659,0.0,0.0,1.4,3.6117698091382304,7.423074732674979,778.8464285714285,60.24285714285714,0.009497992072843972,0.020299734411649423,77.07392925938777,79.9847903201766,74.08574226912596,1.5397457099740492,103.67036973883427,9.086301076358534,11.605382109177421,89.0093220198496,10.990677980150389,200.27972615513596,87.5230553399432,120,22,18
103968500.0,,,1611134508.0,1611134538.0535116,667.8209261506948,26.095079482124554,28.632208992967556,3.9331103678929766,9.474953940045559,7.1237458193979935,17.10307570618661,28.653830531843163,666.6053511705686,129.4314381270903,0.04249362140224394,0.03873388341632202,90.09975092033946,97.1654908283251,80.81178735395017,3.338035939411592,132.90859457637498,195.66325895065006,1.4383547766146485,49.6933912084555,50.3066087915445,426.84616020635116,98.27430667932612,120,22,18
107682750.0,,,1611149428.7509158,1611149461.6703296,748.6982631763342,11.906870266611234,6.494325799275082,0.0,0.0,0.10256410256410256,0.24590198806226676,6.51411062631503,748.9468864468864,45.43223443223443,0.008698206967476835,0.015881040084200458,80.21089151884851,82.65756000596663,77.81262047855344,1.2576974239165215,48.57962408012089,5.788592355801735,9.444945542238973,85.11350054352893,14.88649945647107,102.47296045057408,48.104744014651466,120,22,18
103988000.0,,,1611134586.2173913,1611134616.3143814,668.3491346822225,24.59603624486992,27.283433226102204,3.608695652173913,8.61683656549128,6.989966555183947,16.646019520936292,27.30408307382046,667.742474916388,123.01003344481606,0.04067497203961143,0.03657177714874839,89.96554590721063,97.20326538083202,81.43546875800408,3.1761324287479886,124.12621755050668,185.5533294131771,1.4079255381408746,48.19076420206455,51.80923579793544,390.9447279000109,81.26518093632716,120,22,18
104064375.0,,,1611134892.5,1611134922.5,658.1390002211707,14.846288503986486,16.002201315897285,1.6133333333333333,3.831623257942033,4.933333333333334,11.67968468003919,16.017603898765767,657.26,69.54666666666667,0.024137650233428207,0.022423180008955743,91.25244323169791,95.15065346553641,85.85704248163938,1.986345212282757,39.846336421301466,48.08720849804897,2.704844880537626,58.71443265278802,41.28556734721198,140.6295676104302,52.69602269107974,120,22,18
104141000.0,,,1611135199.8494983,1611135229.9431438,650.3505284111103,25.51458246519937,23.684085364719852,2.4147157190635453,5.557072154511431,7.0602006688963215,16.351083999313143,23.70294831197281,653.5685618729098,141.99498327759198,0.036640496370340024,0.03961153515559443,92.7200700664821,115.03574787446412,86.20041691216461,5.025084686656666,335.2070208925348,607.5791603134275,1.1816100689727227,43.427240648803995,56.57275935119602,1069.8511592157863,127.06497800982399,120,22,18
105972625.0,,,1611142543.5,1611142573.5,655.3863753915936,21.865638143618266,32.36498779453424,5.586666666666667,13.330897132740581,14.846666666666666,35.05679700333699,32.37666350767688,655.3466666666667,98.42666666666666,0.048784938943487184,0.03298003949433256,91.74135458388245,99.11421934498625,85.47125718773079,2.9727734421944736,27.530529798703554,114.33862513761261,1.0043549625562123,33.58562486638507,66.41437513361494,188.55107310283887,46.68191816652271,120,22,18
106039750.0,,,1611142812.7725751,1611142842.8662207,648.3865997047163,15.385144405007738,22.025880788918254,2.9933110367892977,6.956577733292326,9.678929765886288,22.438175895967706,22.03521619314912,648.1036789297659,74.35451505016722,0.03380997704368427,0.02361988264153793,92.61934625413981,98.59714050557518,87.97930430358083,2.1605771948842794,27.1713522125192,37.670720538065126,1.7783800463098083,48.000676901827035,51.99932309817296,99.08404316417341,34.24197041358908,120,22,18
107683375.0,,,1611149431.4927008,1611149464.4124088,749.1634501628241,11.901239446960302,6.50756585938634,0.0,0.0,0.10218978102189781,0.2450045355510906,6.527298238966241,749.4142335766423,45.394160583941606,0.008710967137788283,0.015868621229816963,80.16218731777012,82.60636140611423,77.76851818472711,1.2563494418098433,48.544082657662884,5.787146641497161,9.449131702943067,85.2169362478739,14.783063752126091,102.223279594686,47.89205029552596,120,22,18
107708750.0,,,1611149542.8844445,1611149575.8044446,768.2708640521679,15.78006544707364,7.568050190835278,0.0,0.0,0.9688888888888889,2.482192452153941,7.601482776357819,768.6133333333333,59.76888888888889,0.009880234625135103,0.0205158267336463,78.17581588013304,81.2446296814734,75.19566317482048,1.5829818651335745,92.45717679631993,9.162034496712737,10.963464489911349,87.84907119288232,12.150928807117683,186.3571083856322,84.73789709259951,120,22,18
,,,,,,,,,,,,,,,,,,,,,,,,,,,,120,22,18
22470375.0,,,1619446638.5,1619446668.5,590.4056035136425,14.149928581692093,7.622085178192185,0.2866666666666667,0.5709893701070172,0.2866666666666667,0.5709893701070172,7.648384020344806,590.14,59.693333333333335,0.013052146288635966,0.024105851302552068,101.75867308805886,108.1994068525804,97.25403448020785,2.4935443215973163,78.37972254801184,27.528873528813236,6.021317063092509,79.00057917232232,20.99942082767768,191.467449975616,85.55885389879094,103,34,30
22712625.0,,,1619447608.5,1619447638.5,618.4509710781537,14.570182200678488,6.6101369765491516,0.0,0.0,0.28,0.616978778889585,6.6352803969475564,618.0533333333333,58.013333333333335,0.010713098742418197,0.02356717695916614,97.1217652606322,101.42592696029187,92.37861070375571,2.258431992237118,83.9364150651587,15.434385329321689,6.535926552222515,81.54798764374017,18.452012356259836,193.28156964749576,93.91076925301536,103,34,30
22655875.0,,,1619447381.5,1619447411.5,614.7932405443423,16.01323955456173,6.6855148523408054,0.0,0.0,0.25333333333333335,0.5685942675831454,6.716274006625702,613.28,62.28,0.010899869207098662,0.02606593352775565,97.71946952128397,102.01291265026103,92.26529592923316,2.4971451857575846,101.91224900396061,22.273360912357468,5.516039622756344,80.89159475321149,19.108405246788514,225.02528908958737,100.8396791732693,103,34,30
20042125.0,,,1619436920.5,1619436950.5,526.5471125010927,8.038554017362442,3.920173698956465,0.0,0.0,0.0,0.0,3.929342336845207,526.9666666666667,30.653333333333332,0.007467006083709623,0.015294357358088592,114.01190929734312,117.45157633030145,110.78842107121903,1.735509174529478,32.95549115273512,5.768507847681143,6.292653015534807,81.77070945037202,18.22929054962797,64.06988244431453,25.34588344389825,103,34,30
22764875.0,,,1619447817.5,1619447847.5,617.5570952706693,15.131093496194474,7.949796106321207,0.2866666666666667,0.579360410830999,0.47333333333333333,0.9929095806480518,7.973997999445026,617.5466666666666,66.56,0.01308562557633406,0.024716726440095173,97.31345505219721,104.36812683381412,92.80314211589774,2.4952819215372295,103.15097495450094,29.118119395854787,8.69062359220449,81.15118912293269,18.848810877067304,215.65187949085976,83.38278514050401,103,34,30
26354625.0,,,1619462184.5,1619462214.5,847.9674693786606,30.666633144807765,37.98643289566497,7.583333333333333,23.212712479908873,19.133333333333333,58.55232028539666,38.014449636745645,846.7933333333333,112.06666666666666,0.04486214188478424,0.03619567329236966,70.9021952134288,75.60581722522794,66.2446601903078,2.5251555624621758,96.68403723660953,350.1507756324719,0.2751005258848678,18.926280116104014,81.07371988389599,535.9723713815603,89.13755851247876,103,34,30
26419625.0,,,1619462444.5,1619462474.5,835.9927216704865,34.49737429442089,40.25723969788875,8.183333333333334,24.656961363887362,21.06,63.49984781058073,40.29759481010425,833.5733333333334,131.58666666666667,0.04827775363249131,0.041392227839503005,71.94697297220519,77.63696424145814,66.28440264451369,2.937476516357785,160.56682301007697,413.135933213896,0.3869368325244478,24.528871732676095,75.4711282673239,690.1159022310183,116.41314600704524,103,34,30
26492000.0,,,1619462734.2675586,1619462764.3444817,851.1553257181765,40.60353974924144,36.31747763787369,5.959866220735786,18.322096661033218,18.82608695652174,58.05906479969057,36.393598102730586,848.6822742474916,136.08026755852842,0.042794904229359734,0.048622474420407506,70.84665028322091,76.73681235813933,65.10180325861732,3.474503065075081,323.6136124266745,325.18803725571036,0.8960668773313036,30.677008354686013,69.32299164531399,1532.957297578061,884.155647895676,103,34,30
28440625.0,,,1619470533.5,1619470563.5,862.2085768248106,46.28587143080799,56.33420690891558,13.16,41.6085655683943,24.14,75.51471213444648,56.39626980610609,862.34,176.69333333333333,0.06515333389729472,0.05377312599461192,69.96857513672344,77.14726688971399,62.81386086746434,3.7079862928218064,280.9698873587766,485.7856523398987,0.7671319742469322,32.46789509544585,67.53210490455416,1112.7022370329887,345.9466973343136,103,34,30
28994625.0,,,1619472750.5,1619472780.5,911.0206721252254,47.19995115131198,53.85892126523024,13.293333333333333,44.088851539780286,19.78,65.51983814207927,53.95116689110841,906.9066666666666,158.17333333333335,0.0591627674659663,0.05229255556386783,66.14263755600703,72.68660312421018,60.66959747206734,3.461721357289107,192.7334846981782,745.3946216287484,0.25924783644859045,17.485717505420237,82.51428249457977,1367.0962748131524,428.9681684862257,103,34,30
29663625.0,,,1619475428.5,1619475458.5,917.592882469501,50.907992732678785,49.18493389789665,11.443333333333333,38.47271385523569,21.386666666666667,71.43911812222109,49.249064129835396,921.2333333333333,184.78666666666666,0.053466755584251305,0.05545602604649216,65.65659762866301,73.54979141914448,60.00076077189225,3.6458456501397047,327.9929976103414,511.2002978120357,0.8213346672516078,38.9367864755752,61.0632135244248,1444.1766025222869,604.9833070999098,103,34,30
64809875.0,,,1619616045.5,1619616075.5,616.430323210399,23.13182224541346,11.479271386766046,0.37,0.8672852556573487,2.006666666666667,4.573897107004756,11.527253644562927,614.28,100.69333333333333,0.018352912391678557,0.03709658250681298,97.65142344034778,103.72986814018925,89.09509760484198,3.434309673705463,240.4502931489807,60.31253051559364,5.739841735526726,80.21347950786028,19.78652049213971,473.79155015933105,173.02872649475665,92,8,13
68075125.0,,,1619629108.5,1619629138.5,897.1815448364096,43.96502940507049,60.64260368187781,17.44,56.728956907787556,25.38,82.49660720104268,60.67977165333446,894.28,152.10666666666665,0.06760487686437348,0.04901054096505999,67.05147906308267,72.68409114735422,61.36694342406655,3.2199615915409794,90.96692325970268,846.0147689613365,0.10892725954617288,9.487206750008982,90.51279324999102,1008.2314393884291,71.24974716738976,92,8,13
72766875.0,,,1619647878.5,1619647908.5,785.1410389434352,53.989415468703605,33.532341353830915,2.3933333333333335,6.665129194085377,8.866666666666667,25.301324113343295,33.698333425906306,786.0866666666667,227.06666666666666,0.04346102840505426,0.06980974000865113,77.23023722647895,92.04266464956139,67.36596955106194,5.652664791429216,946.7110771095973,664.090199973208,3.3174249411240666,64.6999375948863,35.30006240511369,2345.1622260303957,734.3609489475905,92,8,13
88534625.0,,,1619710958.5,1619710988.5,666.865217677219,29.06199472059276,14.074053631320803,0.37333333333333335,0.9141644452478258,4.256666666666667,10.307396621151584,14.132081037362823,665.5,115.57333333333334,0.021052533228007708,0.043320827364338045,90.25160879638729,97.44449489325382,82.31028320295835,3.792640009374665,318.533111537427,66.0113318831715,5.796755222973061,78.71026575247532,21.289734247524684,742.3169590914944,357.7725156708959,106,14,12
88569125.0,,,1619711096.5,1619711126.5,679.8562984945322,26.605047708676814,15.167192055629497,0.28,0.6799347183351722,5.58,13.803877664988361,15.217333533577648,678.96,105.82666666666667,0.022262780193928074,0.03909935722559236,88.5284532897535,95.06218444848166,81.51798511407421,3.3878904615934937,245.8162112168673,70.8700724399278,3.536073064679922,71.41750188088966,28.58249811911035,591.6461169688341,274.9598333120391,106,14,12
93492375.0,,,1619730792.5,1619730822.5,910.5588604644104,70.5448868733227,64.18918176051906,12.256666666666666,40.21471137609429,21.966666666666665,72.35628817571822,64.33322327363668,914.5733333333334,265.24,0.07163315923442454,0.07958724445416215,66.71743525222001,79.52600295327524,57.94523462382458,5.5425978757106815,1589.3718281118156,977.4624076192841,1.2024461356730383,36.81797157467945,63.18202842532055,3977.2908995349253,1410.456663803826,106,14,12
93805875.0,,,1619732046.5,1619732076.5,906.0189136105213,43.51362236233893,39.63043747635249,6.64,21.887926841110932,19.546666666666667,64.19310201370128,39.702004186220506,903.14,165.93333333333334,0.04381013665281638,0.04802335105959795,66.43378493353988,72.60417799447023,60.46629925442382,3.120591697611471,274.1167502621916,360.0905876940255,0.7844676512221087,40.39369093363639,59.60630906636361,1079.9593098495677,445.7519718933507,106,14,12
96202875.0,,,1619741636.5,1619741666.5,925.7856044314111,48.27036498802088,58.088676366768695,14.016666666666667,47.10993696700037,22.023333333333333,73.99845198368557,58.13198035949823,932.0266666666666,161.97333333333333,0.06273732933652246,0.052190089481340476,65.00476183387771,71.41210681154288,59.853352025693106,3.3736840681726448,113.24222067112152,867.059171897725,0.15818331218608386,11.45195203066251,88.54804796933749,1179.7537354901444,199.45234292129788,110,3,10
96617375.0,,,1619743295.5,1619743325.5,831.3274040743858,39.7367608719781,25.80031973993712,2.0166666666666666,6.2120631670323325,12.05,36.45534833408411,25.918467080283694,831.0266666666666,144.38666666666666,0.031033504757085547,0.04791513146676946,72.46497624518597,79.18856933662123,66.51051379679406,3.436646138641184,278.5580856568262,215.63563575497324,1.5411511154292319,52.24022238898164,47.759777611018364,1048.583704389701,554.3899829779016,110,3,10
111096625.0,,,1619801235.5,1619801265.5,773.4012153796365,32.11669855591733,30.766669518933075,1.67,4.644189279947794,17.283333333333335,48.06742443460709,30.806251871957382,773.92,142.92,0.03992144947886325,0.041640595614610185,77.86263683420148,91.16096337190179,72.14712802263323,3.878677416983375,259.48441527951434,441.7176021556367,1.0870941498681679,45.01419818595725,54.98580181404274,888.0174741684114,186.81545673326036,110,3,10
30391500.0,,,1648594533.1304348,1648594563.207358,729.6426687421251,32.276209084290514,18.557090146444725,1.0133779264214047,2.636831804811506,6.384615384615385,16.742386086509203,18.614168921892848,727.4916387959867,129.77926421404683,0.025538105245494255,0.044260823351181804,82.4730974327834,88.88335782197849,74.63126338873006,3.542770477620763,333.4784323873712,152.8951961048553,2.0971205112916356,60.28048307543595,39.71951692456405,828.5663086745255,342.192680182299,11,11,10
21887000.0,,,1648560493.5217392,1648560523.6020067,610.829439947738,20.435741212876188,13.814830486477874,0.3712374581939799,0.7884156408426553,3.698996655518395,8.068184888839651,13.842326908197766,609.0167224080268,89.88628762541806,0.02266085424782682,0.033446410706047085,98.42041067060369,104.5578231823997,90.48467343123974,3.202873288026391,122.55675083220687,94.76556293807072,1.7316432376904902,55.80868420172282,44.19131579827718,351.28278505666253,133.96047128638492,11,11,10
30189375.0,,,1648593724.5,1648593754.5,736.7981072222613,29.236662903838702,18.177804537166,0.41333333333333333,1.0946432262221735,7.486666666666666,19.85922887896572,18.2411053990914,733.2266666666667,120.50666666666666,0.024675335662662706,0.039492722184611126,81.6543274538487,87.3685099585261,74.46047953107016,3.121193561436765,267.5006798634986,111.27059281336163,2.4023528185302037,65.8567301932561,34.143269806743895,730.8097642255664,352.0384915487062,11,11,10
21957125.0,,,1648560774.5,1648560804.5,605.2363292523299,17.05999185991659,12.397204062389097,0.46,0.9712980093877411,2.4433333333333334,5.225510501250556,12.409719510237462,604.62,80.22666666666667,0.020536703168195995,0.028211347782128974,99.27117532629914,107.5859224576628,93.32301760292975,2.914628512273546,120.9528271173457,88.20172685993182,2.3209678274869954,63.41601462332607,36.583985376673915,257.50040039916416,48.3458464218866,11,11,10
30236625.0,,,1648593913.5,1648593943.5,716.711465881166,24.179527884749692,12.871922298325893,0.23,0.5560294860493386,3.513333333333333,9.187389370075135,12.92890118230393,715.9,97.90666666666667,0.018001865828054187,0.03387508646557586,83.96984907662127,89.47568672785339,78.08397201772908,2.804000987065658,261.1763872033749,61.24704237822983,4.313399499959708,74.11658963858933,25.88341036141066,558.2885254932206,235.8650959116159,11,11,10
30554625.0,,,1648595186.5,1648595216.5,730.6722749616089,40.371233021090035,20.721065039203587,1.1766666666666667,3.171554927066791,8.123333333333333,21.398941366882834,20.829209502100863,728.08,160.2,0.02846887133468763,0.05588869470882921,82.63501759625031,91.1029019169076,73.45766493865075,4.545400768763178,490.3126175399464,215.016812317423,2.6448174864215557,66.67257091740753,33.32742908259247,1599.4066782100247,894.0772483526555,11,11,10
94418625.0,,,1648850709.5,1648850739.5,727.8196815617547,63.35644898071012,42.76411341741387,6.153333333333333,16.284222276134983,18.003333333333334,47.19109294619564,42.83005208079456,723.4266666666666,263.32,0.05827580617124532,0.08663950058975572,83.10881772250437,95.23009002328492,68.11849899911762,6.772376360100029,1247.6297408235114,677.8164969006502,1.8857343218824,61.060986057252,38.939013942748,2794.2846366010026,868.8383988768404,31,26,0
52485500.0,,,1620947407.7993312,1620947437.8929765,1033.02402055773,55.63902529208414,52.4122539146878,8.57190635451505,32.70698970236483,17.40802675585284,65.74454048353476,52.60586041884374,1038.2207357859531,228.89297658862876,0.050619669626716234,0.05384012406806516,58.84244637340689,70.03931254758645,53.47305142319662,3.7909925419684476,992.7299245897228,997.5294247245519,0.9481683754362131,45.00102811069593,54.99897188930407,2730.023308416298,739.7639591020229,12,4,3
51008250.0,,,1620941484.0,1620941514.083612,995.2917461373352,46.47355603311889,54.42166006042987,11.899665551839465,43.40436641649575,19.816053511705686,71.80223637454127,54.497686856963064,998.7892976588629,176.3896321070234,0.05451500717720122,0.04645881817550888,60.545231387656315,66.8745187627533,55.903401706402455,2.8017217343996967,353.76919590886325,516.2936716572962,0.6053497972898143,32.79607745359277,67.20392254640723,1126.3037995070044,256.2409319408452,12,4,3
51439750.0,,,1620943214.3511705,1620943244.444816,795.3788944670528,81.22718073485271,61.39502484118538,5.926421404682274,16.361926892712603,14.418060200668897,40.604982845720926,61.516330740962815,816.0183946488295,369.94425863991086,0.07872589709603485,0.10406011426961088,77.49003375420497,130.66436833492017,67.08327893421108,12.460977310486484,2528.626357340734,3643.5331960330877,1.4524963583806882,50.951474002578436,49.04852599742156,7180.264644096674,1008.1050907228515,12,4,3
51705500.0,,,1620944280.0,1620944310.0,1019.9495290027772,55.81254590109557,42.8726437148542,5.521739130434782,20.17766141796348,16.474916387959865,61.234365689686996,43.02189912332063,1027.496989966555,229.33277591973246,0.04260376619548302,0.05638132937513123,59.427420023361414,73.60726821133177,54.17470675431961,4.3400458099094745,1556.0188547788312,824.3833315272653,1.4580590556565682,50.951958084139,49.048041915861,3470.719236379236,1090.3170500731394,12,4,3
52372250.0,,,1620946953.638796,1620946983.7324414,1024.6232786233832,58.58743793562076,47.21579200774993,4.892976588628763,17.95980153319784,17.23076923076923,64.44239286492663,47.37616130365468,1037.953177257525,223.80936454849498,0.04754897821812716,0.060263270585519196,59.60764481108543,75.18000053544051,53.629953336601645,5.088972652162643,2536.103592362438,897.3345996210403,1.2557075796063908,45.06221201380257,54.93778798619743,4991.489504367739,1558.05131238426,12,4,3
53482250.0,,,1620951404.5886288,1620951434.6856186,968.3704599056583,47.52679247685636,47.46184248123589,8.341137123745819,29.749396712528828,19.277591973244146,67.79065162195108,47.557377322560804,966.0802675585285,176.54849498327758,0.0486997327510707,0.04875319912984698,62.23037208352716,67.5702181263872,56.600412601432865,2.923322981941035,461.597913993904,425.356614064054,0.8937459249827605,38.43036254736806,61.569637452631945,1316.0794127759025,429.1248847179443,9,7,3
53788000.0,,,1620952630.6220737,1620952660.715719,901.8411385868536,39.39600578793122,30.653426640410977,3.0133779264214047,9.89497293585169,14.284280936454849,46.547748379765835,30.746776761985032,906.6020066889632,154.40301003344482,0.03402120232600665,0.04368540766677182,66.71615613228037,74.11780906404333,62.01208053727789,2.987225197355998,334.6515854248194,196.00387639823876,2.542404231614172,60.57303447681267,39.42696552318734,959.8044155709847,429.14895374792656,9,7,3
55939125.0,,,1620961256.46,1620961286.5,1058.6984366718686,54.69865032868363,57.70253677928044,10.97,42.56552210667154,18.89666666666667,73.01334970691292,57.81321534333717,1057.78,219.08666666666667,0.05452890730132051,0.05199864654996061,56.9355406538398,63.82150768796091,51.46455701010325,2.9712081948196207,363.53799691205296,671.277108275066,0.5173703903371424,30.542155888116934,69.45784411188306,1677.1982506752047,642.3831454880857,9,7,3
57091750.0,,,1620965878.1304348,1620965908.2240803,1374.7474325445723,66.47985141109626,82.88748512366864,12.050167224080267,62.03573314557297,16.08695652173913,82.77650648360031,83.07069110232533,1376.6789297658863,251.93311036789297,0.06039937597300091,0.04833238240996036,43.75780873762925,48.26899639937571,40.15768802056822,2.0813016743633215,386.5413379096076,839.6516001933034,0.4756748464952056,29.908217038463576,70.09178296153642,1690.0991181135955,463.9061800106847,9,7,3
58090750.0,,,1620969884.0,1620969914.0468228,1175.1267529712081,122.23998967535306,77.56893206920195,8.956521739130435,39.656804100405,15.996655518394649,69.94571186461617,78.35244856322961,1177.4397993311036,433.3444816053512,0.06660245659079414,0.1048847655318467,52.42379134931722,66.5429469537608,43.60162080616713,6.316205287389065,3308.4427998894244,2736.2343227150263,2.7061949042743154,63.3827586908789,36.61724130912109,10333.177487001996,4288.500364397546,9,7,3
58097000.0,,,1620969909.0367892,1620969939.1304348,1196.090342878076,110.84788869114307,70.64157207006221,8.74247491638796,39.84982311901404,15.688963210702342,70.1985533041767,71.40078602419192,1193.9581939799332,390.2742474916388,0.05849145837261995,0.09180627481972047,51.00740030192862,60.67269151733127,43.433360051461214,4.749278873577686,1860.8458849523477,1136.870633590638,2.8004069766273494,65.03615595347429,34.96384404652571,6420.076888228218,3422.360369685232,9,7,3
53642250.0,,,1620952046.0267558,1620952076.123746,812.5373165410962,79.15108229770075,59.99669497810094,6.454849498327759,17.852838240667953,15.076923076923077,42.870866843896344,60.13757400540027,825.0309364548496,362.2341137123746,0.07561001275980428,0.09968157875777363,75.8535174494195,117.18154975779119,64.0128851226993,11.196988016710035,2120.8730226266757,4040.592298096978,1.4063813262015803,49.246257690501764,50.75374230949824,7366.265143363886,1204.799822640231,9,7,3
57093250.0,,,1620965884.1505017,1620965914.244147,1374.4274771376602,66.1892748653576,82.64237817517945,12.08361204013378,62.17303291674001,16.103678929765888,82.81699231355982,82.82178815424741,1376.5384615384614,250.39464882943145,0.06023403431598308,0.04813286010545238,43.76711119622875,48.271685111934545,40.20081508784566,2.074041036966544,380.4300103819441,833.3161940064143,0.4717186478447207,29.70247426596377,70.29752573403623,1676.3829158673996,462.636711479041,9,7,3
57107750.0,,,1620965942.3444817,1620965972.438127,1323.9640648540262,77.22600301669188,78.15321467487776,11.48494983277592,57.5800837476637,16.096989966555185,79.95738581457569,78.49298847380919,1323.1973244147157,286.96989966555185,0.05923292843433877,0.060327245399633536,45.904125119496406,52.10299035013551,41.080260198816696,2.826903300523811,631.5684275810428,824.4520452446072,0.8655002381495592,36.432914147715195,63.567085852284805,2937.229345920937,1481.208873095287,9,7,3
16047250.0,,,1616567685.4816053,1616567715.561873,577.0534012780731,10.62762919965533,7.813648987883698,0.0,0.0,0.7123745819397993,1.4927981424022587,7.823220067392199,577.7123745819398,44.575250836120404,0.013434781895006645,0.018400342137505517,104.11453995843947,108.37258951607701,100.3215741284503,1.906587421802943,40.53620277553799,11.212800189738786,5.618711886947926,76.010790577112,23.989209422887992,96.34009181204408,44.59108884676729,27,6,2
17981750.0,,,1616575428.0,1616575458.0769231,645.5937627978717,23.875175688395615,14.534867838146399,0.33444816053511706,0.7454679881931721,4.197324414715719,9.761314262420287,14.576366398225048,645.8678929765887,100.32775919732441,0.022528587470706497,0.037099865867329246,93.29431490902314,100.72143163408782,86.06280291394803,3.453538583162885,175.25822300745762,64.44157544380835,3.6173684890215987,71.03768672612912,28.96231327387086,480.96116095485695,241.2613625035909,27,6,2
23799125.0,,,1616598712.5,1616598742.5,833.77775582305,28.082932069909088,17.1027935105587,0.5766666666666667,1.7983304000974776,5.74,17.3953582712003,17.191610147641946,831.1733333333333,108.09333333333333,0.020512751806732333,0.03359630064569155,72.11689584757684,76.27156006734728,67.14546667296017,2.349004170399423,180.4297682938308,70.75621842624443,2.788753158351205,66.89949820712953,33.10050179287048,623.3198447206968,372.13385800062156,27,6,2
24988875.0,,,1616603474.5,1616603504.5,1075.1011909374574,38.560051780008834,45.991048284898184,8.373333333333333,33.147853751187085,17.796666666666667,70.2980341880342,46.05274916845219,1076.1533333333334,140.30666666666667,0.04277235462821719,0.03584244549686264,55.901396432029514,59.619603173436126,52.33535994777616,1.965802736122643,160.7262787734529,378.6681256946937,0.42750864627060886,28.192954283554705,71.8070457164453,671.5075718319952,132.1131673638486,27,6,2
47405875.0,,,1616693196.5,1616693226.5,970.7959743630488,39.231706593614504,37.77566244853527,5.52,19.58838715562854,16.626666666666665,58.72473088852399,37.829551867677175,970.28,156.97333333333333,0.038908297389402255,0.04042339668131626,61.935524391171164,67.40242782377364,57.32384548638491,2.4726808239527336,319.84309533755044,254.24084197044547,1.3490419123426518,53.22003127429473,46.77996872570527,783.179273172743,209.09533586474723,9,10,1
41583250.0,,,1616669892.0,1616669922.0234113,859.0212937181071,26.248542650130325,24.701219358629533,0.5953177257525084,1.8264800403237826,13.896321070234114,43.18789256696608,24.73818154995125,861.2307692307693,109.39799331103679,0.028746711131213316,0.030621718792571924,69.97218627110185,75.40185210732217,66.1611236751772,2.1643981360506714,144.53380826914113,116.28525670750972,1.3538225336677612,48.76692754486427,51.23307245513573,440.92456791235173,180.1055029357008,9,10,1
45087625.0,,,1616683918.5,1616683948.5,951.0812749306989,43.48950098289902,40.54844472172077,5.1466666666666665,17.833561197725086,18.363333333333333,63.51835735571367,40.627468763041406,956.1,173.72,0.043081255811254285,0.04626311224044044,63.40467871801629,73.17186838812346,58.889205000741036,3.338002622577931,494.7458253480566,581.6804984107795,0.9610623563920655,42.459091309422774,57.540908690577226,1556.1371716591939,479.7108479003579,9,10,1
52015375.0,,,1616711645.5,1616711675.5,1069.5595222259576,73.2266893262844,73.29559997962934,14.226666666666667,55.797715644004576,20.49,80.34436924764836,73.46605315446165,1071.28,285.2,0.0694475378287852,0.07054060938072,56.73505683023218,67.90854379967428,49.53341333565506,4.324199565707133,851.7262276100641,1256.2585072239465,0.6878274894371967,32.10549439197721,67.89450560802278,3586.7931533425194,1478.8084185085086,9,10,1
69190875.0,,,1616780387.5,1616780417.5,1015.4712991665618,57.636935888537394,42.74879755361065,6.3,23.25550663156383,16.32,60.48077858691179,42.949729648096906,1016.44,230.54666666666665,0.042808232840715575,0.058415807808176415,59.62470103172212,70.27674215776358,53.53936785052629,3.8888329559234593,789.6180463218062,534.2039117958261,1.732810696138444,53.20923204092726,46.790767959072724,2422.7271846746457,1098.9052265570135,8,7,3
64319375.0,,,1616760890.5,1616760920.5,856.466555077065,35.63746525659174,27.565891485505837,2.2266666666666666,7.112467519366934,14.04,43.61205109559244,27.640041396390952,858.9533333333334,131.84,0.03213676884890233,0.04163705775511269,70.27380898555025,76.25797567156347,65.29270169688402,2.9218685876722477,321.3022993233065,153.51873357546222,2.308186079597014,60.78869565880541,39.211304341194584,787.1591731907741,312.3381402920054,8,7,3
64790375.0,,,1616762775.5,1616762805.5,900.9323264393735,25.93982394274691,29.041310855621088,1.4766666666666666,4.871231151897169,17.22,56.39469762236644,29.07184096871715,901.0133333333333,101.73333333333333,0.032214236312296925,0.028867930798627536,66.70752691136285,70.91175569524708,63.25302491181105,1.9161164496876286,116.3488272296274,163.47019626496487,0.8084979368736314,34.50197180651464,65.49802819348534,380.2422061209603,100.423182626368,8,7,3
70284375.0,,,1616784764.5,1616784794.5,1049.751410431082,83.80554184220182,62.4971212513801,10.716666666666667,41.724429667802006,17.63,68.55131663456119,62.812496389830436,1045.3466666666666,300.49333333333334,0.05945410437146523,0.08144463089156567,57.97773111003679,66.2592942899995,49.57734518575623,4.694403202898801,1016.2504752635017,840.5040361846126,1.2959339591916774,51.716370466047145,48.283629533952855,4024.495186414677,2167.740674966562,8,7,3
70631250.0,,,1616786152.491639,1616786182.5685618,1006.0961555943929,90.3850578779735,52.50644331275496,6.802675585284281,25.347514601418045,17.645484949832777,65.30358956129228,52.805422156870264,996.9364548494983,310.66220735785953,0.05262629933616302,0.09189953480595234,60.569217597524926,69.66190162185134,51.10151393524812,5.422037424622046,2516.2597153584616,514.4502417239928,4.071164215952578,66.04991413337565,33.950085866624356,5634.516961485782,2603.807004403327,8,7,3
72486875.0,,,1616793579.5,1616793609.5,1166.4764446178617,49.5117963466195,61.30744253784532,11.906666666666666,51.28540420931725,17.366666666666667,74.80734620452012,61.423717845970096,1165.9,186.32,0.05263217536341499,0.04251866066187834,51.54853566490035,55.77245478079994,47.522979097379135,2.151536861060018,331.848083965232,534.3259192726327,0.5941672530802881,32.36919249607065,67.63080750392935,1116.0158360836067,249.8418328457421,8,7,3
74063000.0,,,1616799887.7692308,1616799917.8461537,1089.9760744742687,44.55066295101372,53.332295623485024,10.658862876254181,42.7193636909356,19.317725752508363,77.3902752765629,53.386327761436185,1088.4013377926422,179.7458193979933,0.04894387185717162,0.040832199783175024,55.144439653371705,59.58523079894506,50.6132057286345,2.1909698873761307,232.44914838344368,474.4906245887283,0.47897909591100835,30.177768202798756,69.82223179720124,913.542063990125,206.60229101795298,8,7,3
87424875.0,,,1616853362.5,1616853392.5,906.5956894465778,41.476711878679694,33.86916776326918,4.076666666666667,13.643973375240142,17.983333333333334,59.22685144919531,33.95209629366663,907.8,154.32,0.03733381586647436,0.046002379396969814,66.43307911399282,72.86405822735175,61.29805237588564,3.069092992370301,325.545292608354,222.02421366028648,1.5591451819841553,54.23123570829398,45.76876429170602,1084.1685747291629,536.5990684605225,7,5,1
92434125.0,,,1616873410.5,1616873440.5,1163.3306086956522,54.797169724053845,69.01910212223005,13.873333333333333,59.68511198945981,19.673333333333332,84.5479797979798,69.11991485720422,1158.8533333333332,212.22666666666666,0.059386675244075586,0.047064885344622456,51.69835008960021,56.27074933925439,46.9499841581892,2.3636889042215974,296.6818098722735,782.0100838671724,0.3599791744946321,24.436315253534037,75.56368474646597,1271.3909053619727,192.6990116225268,7,5,1
95183375.0,,,1616884412.5,1616884442.5,1025.5833020447885,67.68485226539886,55.68799603116013,9.41,35.99893844671568,17.01,64.46921688351605,55.99973151351861,1020.5933333333334,257.76,0.054171124588815234,0.06811442878799297,59.303872899689836,66.52729379918259,51.380586342660585,4.072487163621964,904.6202828021745,635.7972434553513,1.4637016459950882,48.46818624214218,51.53181375785782,3226.2666890427267,1685.8491627852009,7,5,1
108193375.0,,,1616936457.5,1616936487.5,860.6188567821068,21.06219472273593,22.049137933888925,0.36,1.0907623435493454,11.643333333333333,36.25949066087823,22.07894938782028,861.2466666666667,89.41333333333333,0.02562838394281343,0.02447346137575374,69.78005758324112,74.13633180727784,66.67349228893511,1.7125948114078844,79.53608817188477,102.02190416448701,0.7830676457223653,41.04670271558081,58.95329728441919,265.3042578088887,83.74626547251695,12,7,3
108704375.0,,,1616938501.5,1616938531.5,927.2781459372235,33.15778079504032,32.319618947985234,3.89,13.113065081933268,17.04,57.36687391754828,32.38089236013408,927.0866666666667,133.77333333333334,0.03490765787752441,0.03591656708580236,64.91801035115293,70.11137403003029,60.55382466967585,2.3225454606038007,218.87039236238968,183.70941848228583,1.1897008462525036,47.89372438243376,52.10627561756624,624.3805233000005,221.80071245532497,12,7,3
110611125.0,,,1616946128.5,1616946158.5,606.3150757725026,202.50615893253268,146.28261990109777,35.46666666666667,67.86905718305795,46.14333333333333,86.94292380733083,146.78954925819295,566.2833333333333,853.2755555555556,0.23626351188273237,0.32450075199229755,111.91838146690344,186.4124567196001,53.49584352241274,32.86010598311765,12140.344572580616,12189.101618351277,1.129607035735152,47.90019498962191,52.099805010378084,32499.81428961123,8170.368098679335,12,7,3
107576625.0,,,1616933990.5,1616934020.5,893.4609933658214,29.76496410948049,26.66379859540369,0.56,1.7811115184099053,13.623333333333333,44.1068894591072,26.7165905960255,895.9266666666666,118.86666666666666,0.030004330353460725,0.03353559289735795,67.29682818599736,73.72594205818443,63.729458951995014,2.4212931213950424,275.35203644794956,232.53077571076574,1.0206393268817657,45.90440853051202,54.09559146948798,721.6785430191333,213.7957308604178,12,7,3
108885125.0,,,1616939224.5,1616939254.5,993.3168642446143,38.52244594254958,37.033963181299214,5.083333333333333,18.415726355381526,16.286666666666665,58.89771705518833,37.112650550499815,996.7666666666667,149.4,0.03735065773311099,0.03903027794517058,60.553015607427476,65.99990783646703,56.5403938437765,2.3840881812436936,258.64650699598616,228.11953790460916,1.3966507009893374,46.09299651603453,53.90700348396547,830.1621351660489,343.39609026545367,12,7,3
110796092.5925926,,,1616946868.3703704,1616946898.3703704,570.2849595818177,193.94973157608587,138.04490672461583,34.68518518518518,61.94751636803671,47.425925925925924,82.75550128930365,138.33646960552008,531.9351851851852,906.0829629629629,0.23568683351233904,0.3274017920750989,120.75376706399155,190.3075145875149,53.826950604620826,32.5027309228543,12809.808921288337,9086.381306540656,1.461215952307249,52.971081014028876,47.028918985971124,29949.555881365748,8053.365653536755,12,7,3
25813000.0,,,1620235010.638796,1620235040.7324414,1081.3982488521394,53.583506077034905,40.11821881999086,5.903010033444816,23.477020933356663,16.49163879598662,65.57775725431351,40.30995974215002,1084.0602006688964,193.8428093645485,0.03731803566754473,0.05051593957472839,55.78679630348261,61.362181566527234,50.98081116327087,2.8597742864418807,580.2305281844955,346.867802944039,1.6107298415632982,54.70147121530756,45.29852878469244,1826.8378920044336,899.7395608758993,48,23,17
25946250.0,,,1620235545.0,1620235575.0869565,1063.2748292725655,55.307266047042944,35.50309804305629,4.391304347826087,17.479471681051102,13.779264214046822,54.84045535137374,35.93528761715918,1065.871237458194,195.61872909698997,0.03354555014037283,0.053941382349607485,57.12804723941328,63.191704754099725,51.95852062652714,3.1570381180703047,486.6145043740961,335.5224928536261,1.795254101715621,50.56428196479341,49.4357180352066,1956.6838267753944,1134.5468295476724,48,23,17
26042250.0,,,1620235930.0568562,1620235960.1505017,1090.589779607238,33.50076280398774,28.695566760777357,1.334448160535117,5.35211388388646,12.926421404682275,51.58845725066461,28.78712427324306,1091.6304347826087,131.2608695652174,0.026391227222549673,0.03072041301605895,55.077915696786945,58.85515366162076,52.12732556382522,1.6718640117600725,183.2552690426456,180.68613746684503,1.0484688031226752,46.34427780078724,53.655722199212754,528.7488079670919,164.80740145760137,48,23,17
26163000.0,,,1620236414.4548495,1620236444.5518394,1119.1398464968697,33.2482325915237,32.15675311711324,2.682274247491639,11.09003441423101,14.0,57.57059764432166,32.2412813244501,1119.1538461538462,132.26421404682273,0.028771858259260676,0.029638785561731655,53.66972890688439,56.99585269720678,50.65597292022702,1.5617323826604186,168.27788905898294,225.03113595158388,0.6722367560230584,35.26128856816347,64.73871143183652,518.1008685634239,124.79184355285716,48,23,17
18087500.0,,,1620204023.6956522,1620204053.7892976,751.9462249170488,23.984471247190697,11.246473100199164,0.0,0.0,1.745819397993311,4.669934959496657,11.310517649511624,753.1488294314381,93.86622073578596,0.015045892453605672,0.03198650327237242,79.91963341374425,85.1172894173787,75.0784024671901,2.542857267392373,180.87952907846196,41.74127897177762,4.867910961722798,78.55821012202387,21.441789877976117,434.5162173651015,211.89540931486195,48,23,17
23433000.0,,,1620225464.4314382,1620225494.5250835,895.7321050818593,31.636896180952984,18.366694790008907,0.5585284280936454,1.8544931258777135,7.441471571906354,24.651847598559137,18.499119540590577,896.1003344481605,116.68227424749163,0.020520981264873072,0.035118950844442935,67.30135392068172,71.69984427421458,63.059385241101836,2.318167128387061,193.62935380635116,112.95156392459057,1.8976663119802992,57.44856730724957,42.55143269275043,740.6946538455777,434.1137361146359,48,23,17
23936125.0,,,1620227482.5,1620227512.5,1097.6027217473886,33.04924071979083,32.834940244325196,2.7733333333333334,11.143119658119659,14.026666666666667,56.332222222222214,32.893947379670344,1099.0133333333333,123.26666666666667,0.029984376828125315,0.030161309474475335,54.72532904886663,57.97792958443999,51.786341797889094,1.6316148687511207,157.91910300348422,229.52006623676368,0.7525190349801233,36.0189337834863,63.981066216513696,530.920273923277,143.48110468302914,48,23,17
39620250.0,,,1620290396.0969899,1620290426.19398,935.1344190991015,36.95332987611997,25.77139271448747,1.1337792642140467,3.8620090876220883,12.538461538461538,42.554110551069726,25.863873940260184,936.1538461538462,145.65886287625418,0.027608453115432818,0.03942251841725918,64.32368071547462,69.73194187207797,59.66031759489674,2.509143231745503,364.1913318890934,152.19476538842298,2.271308801512487,64.54436859676365,35.45563140323635,824.3993502240414,308.013252946525,28,7,7
44649000.0,,,1620310569.491639,1620310599.5852842,1091.495969280317,46.63900991576298,39.0390085829997,5.264214046822742,20.898979504330676,15.688963210702342,62.614698567875834,39.163494989673666,1095.3678929765886,177.12709030100334,0.0359262168297235,0.04276810466774685,55.09332487831875,60.27567133033553,51.15129466701669,2.3530651597337977,418.27582880418197,326.8403348894872,1.5490448990678514,55.89530890557556,44.10469109442444,1001.3858684657739,256.2697047721048,28,7,7
41308500.0,,,1620297168.7692308,1620297198.8628762,912.5871783216666,37.30614051804283,24.956030817819922,1.0334448160535117,3.4837845168163875,12.474916387959865,41.35053214546734,25.061036970652154,915.3846153846154,144.20066889632108,0.027407789115129578,0.04093327019260249,65.92354219323518,71.7006006264443,61.16130453042134,2.686636943625151,361.6804356244012,140.02542640089771,3.1360411096444913,67.01704639790253,32.982953602097474,829.0589850876182,327.35312306231936,28,7,7
47077750.0,,,1620320312.6923077,1620320342.7892976,1060.9078338433753,71.75747286787208,55.19254338494842,5.046822742474917,18.677016093753018,15.220735785953178,58.65674894397123,55.491276292279096,1059.6722408026756,308.7959866220736,0.056305071322393645,0.07389005572095539,57.82746354893552,70.6666471511468,49.50292572502535,4.709689521455368,2749.8805572821657,997.3167024774089,1.7675871331193054,48.461268544118134,51.538731455881866,5197.251794241877,1450.0545344823024,28,7,7
37671500.0,,,1620282578.548495,1620282608.645485,867.8748030562471,39.565503301256015,27.10886543132404,0.4280936454849498,1.430926584176572,7.538461538461538,23.930330930871815,27.219302030134216,862.247491638796,164.2173913043478,0.03070382404880129,0.044946185225355616,69.44176961493862,73.81135429343678,62.959287008377835,2.7039419506952846,659.1549806252023,255.14466509092523,2.2625439677586576,63.6817721203218,36.31822787967819,1383.966142704356,469.66649698822835,28,7,7
38925250.0,,,1620287608.0267558,1620287638.1204014,910.2319025102171,31.141800911521006,22.269644016844524,0.6521739130434783,2.1385788044394225,10.585284280936454,34.942215123545836,22.33790775181705,910.1471571906354,122.8628762541806,0.024531348323310803,0.034304289114314324,66.04305446843101,70.73974576739509,61.77117952008734,2.242215476270931,256.8936781029193,112.09111630962639,2.6834995271852224,60.085487657633124,39.914512342366876,580.5614264126183,211.57663200007258,28,7,7
39805750.0,,,1620291140.2742474,1620291170.367893,901.034736021342,34.853841380140395,22.098237273106626,0.36789297658862874,1.228157633342138,10.08361204013378,33.00859023736496,22.1877213188855,901.5585284280936,136.50836120401337,0.02457203267788065,0.038588625587252685,66.74301374296354,72.10456501265278,61.96994110058651,2.5447063454076835,291.1526803292055,120.28987868657276,2.489022729955741,64.9774979236296,35.022502076370394,744.1687857167313,332.726226700953,28,7,7
41646250.0,,,1620298523.6789298,1620298553.7725751,724.8654658108703,27.545388932633475,11.232987960873462,0.0,0.0,2.903010033444816,7.85065679397803,11.346716789137508,722.1454849498327,98.93979933110369,0.01547462055911057,0.03749754690546758,83.29363538961971,88.16696273717915,77.26927795176593,3.004073629498258,173.46625643441925,42.218902764840344,4.493836793455615,77.558963055249,22.441036944751016,657.484564051364,441.79940485210443,28,7,7
44515625.0,,,1620310034.5,1620310064.5,1071.4005306303645,39.07461370807295,34.384913798976555,3.7733333333333334,15.146874002965957,14.2,56.29331493154259,34.50013262925569,1072.38,153.07,0.031891459756817286,0.03621781587459292,56.25671355116783,60.70683201615882,52.692304167905775,2.0062435728032595,294.19743627077133,251.73767124236255,1.326292864366164,47.98644510312038,52.01355489687961,757.6776642756431,211.7425567625091,28,7,7
44715750.0,,,1620310837.2274249,1620310867.3244147,1066.010919834532,51.34075699107549,37.53563673447299,4.705685618729097,18.353057199211044,15.193979933110368,59.190878426664376,37.6684922395871,1067.103678929766,187.2408026755853,0.035325455372327674,0.04826109562495486,56.453930493141605,61.97126822604225,51.90796588141928,2.708988221791619,571.1994750282811,311.4831085856214,1.938007500022552,56.76019293223972,43.23980706776028,1418.9229103466823,536.2403267327796,28,7,7
46786500.0,,,1620319144.2608695,1620319174.354515,1069.3318788717786,36.853317591534065,32.442414999977935,3.1070234113712374,12.129891661664235,13.816053511705686,54.00965707152997,32.51251069368332,1071.623745819398,143.8294314381271,0.030388464876400283,0.03448808866559168,56.19163915325799,60.52620755242809,52.8510664677665,1.9255215399920973,284.1493323408193,220.63552862379282,1.2987649973521587,51.61526234701555,48.38473765298444,668.3452017595142,163.5603407949022,28,7,7
40892875.0,,,1620295501.4766667,1620295531.5,756.3859302641729,34.274802803859956,18.896575499759606,1.21,3.394465117962209,6.023333333333333,17.611866645892853,19.043549305886643,752.5366666666666,131.79666666666665,0.024716235116675533,0.044706282853245065,80.57909895533679,86.70657923986913,73.31890626415976,3.4451485589274746,344.1716552106566,92.68025799579011,4.040712042383071,71.71053308132811,28.28946691867191,865.7803563858427,428.928443179396,28,7,7
47737000.0,,,1620322957.2876253,1620322987.3846154,997.9386701654411,50.011563640423795,26.84716575755175,1.7525083612040133,6.370683860207709,10.494983277591974,38.33808495758786,27.1195394121772,1000.4030100334448,181.08695652173913,0.027198721536481434,0.050985566846050774,60.59573351214774,66.64946544482511,55.24348892624557,3.1457893475861125,720.5952897548766,140.55984860497398,5.2692032757565554,72.84549021291305,27.154509787086955,1673.4564823882545,812.3013440284038,28,7,7
59668250.0,,,1620370810.4882944,1620370840.5819397,794.9506613501567,25.01331017049432,12.256774108487345,0.0,0.0,3.3277591973244145,9.498798245601312,12.332986480125474,792.7625418060201,97.54180602006689,0.015515789588821842,0.03143878904821749,75.60356669395547,79.93235250554041,70.7679472660914,2.3242544775656344,160.2494150216335,46.37745415395993,3.753492358805286,73.79473743097645,26.205262569023546,477.06049065945695,270.4336214838634,20,6,5
60413625.0,,,1620373799.5,1620373829.5,881.6383479418404,34.299621991845775,23.276470040047112,0.48,1.535659009449332,12.316666666666666,39.320523307074545,23.353795880008168,880.9733333333334,132.85333333333332,0.026464209930953067,0.03898259186103425,68.2014966253452,73.67681581634935,63.320839326809875,2.630037498565529,274.9983523552523,143.3186199442034,2.0520682856344554,61.2970290785262,38.7029709214738,726.2372217975717,307.9202494981161,20,6,5
27332625.0,,,1620243603.5,1620243633.5,887.7031372788607,33.56291591275094,16.228618048069713,0.46,1.485447214076246,5.423333333333333,17.323018619420665,16.41170738771285,888.38,114.18666666666667,0.018553386111120153,0.03803903026748388,67.77431799565812,72.53509504313925,63.66600946866997,2.5682971360729026,176.56366120056325,75.31296620777478,2.556101576252139,65.06119179701057,34.938808202989435,776.6868846591632,524.8102572508252,48,23,17
24733125.0,,,1620233188.5,1620233218.5,763.1393306748045,26.769506964556864,14.97162285267931,0.5566666666666666,1.509839915103073,1.38,3.716178758284021,15.036026339874137,766.38,108.98666666666666,0.01980148978790971,0.035237997908972855,78.87842131959962,90.65916064608716,75.12753663612014,3.399201491183826,264.8288735678951,283.94601901495344,4.522995128298263,74.80187725506966,25.19812274493035,827.2334197080629,278.45852712521435,48,23,17
24966625.0,,,1620234124.43,1620234154.5,648.1221914012575,36.65697917987375,24.017670388535933,2.8733333333333335,6.496027275490578,8.433333333333334,19.324165673589942,24.063096449456246,644.3766666666667,142.87333333333333,0.03744371781994456,0.05675962736457491,93.03858231694865,102.96573610288591,82.53742302320516,5.172972771608707,512.2981224284098,89.59175636579543,6.820319142988665,80.68263188792258,19.31736811207742,987.3312421051302,385.44136331092506,48,23,17
27463875.0,,,1620244129.5,1620244159.5,885.4463991158538,33.1452923743551,19.081402845083982,0.6066666666666667,1.9109054252199413,5.796666666666667,18.257127489314396,19.21195713289571,889.54,127.32333333333334,0.021822202748671166,0.037787277811039875,67.93261285344296,73.09111534633637,63.279407704241855,2.555280482241411,211.76043876915844,102.11849611648914,2.2399401755058035,60.993495268388095,39.006504731611905,797.1085270099819,483.2295921243344,48,23,17
49759250.0,,,1620333465.652174,1620333495.7458193,492.99938287036963,129.44619212695247,97.54545755933988,40.68896321070234,59.31080400303231,54.57190635451505,79.30602479804409,97.60182591396419,466.77650501672235,629.4167224080268,0.19666827688504132,0.260809825778082,129.6183121737311,193.8306505208254,66.42677830149371,29.474914976289533,5771.919647668906,5616.407897290336,1.2292202096217908,47.652042517515326,52.347957482484674,13246.923161114019,1858.5956161547767,28,7,7
49760000.0,,,1620333468.6622074,1620333498.755853,494.29964052966875,130.5245023211042,98.11264796224704,40.74916387959866,59.4735934518068,54.64882943143812,79.51699508734346,98.16983195065397,468.1427257525084,633.4167224080268,0.19729194884621518,0.26225569757277883,129.37884351324558,193.88210408398464,66.13146363220528,29.616182187467516,5956.654502483394,5668.631276138238,1.2479640020628935,48.034717092307105,51.96528290769288,13483.561067029143,1858.2752884075098,28,7,7
49760500.0,,,1620333470.6688964,1620333500.7625418,495.0851358174488,131.18814431228185,98.513161757303,40.77591973244147,59.55172368116577,54.69565217391305,79.63789498140025,98.57146430794536,468.95431995540696,636.0387959866221,0.1977875318590157,0.26313449404933364,129.2382963550547,193.93355764714389,65.94282328813918,29.70168356004882,6079.783542119783,5706.194234067897,1.2591565898596089,48.22565706132427,51.77434293867572,13630.054780624174,1844.0770044364922,28,7,7
49760750.0,,,1620333471.6722407,1620333501.7658863,495.3987584267237,131.4850679531116,98.6713625939111,40.779264214046826,59.568800298504115,54.709030100334445,79.67368876446757,98.72960035049478,469.2415273132665,637.3498327759197,0.19798028054512096,0.2635486407639096,129.18438282469074,193.95928442872352,65.84850311610614,29.738580802561508,6133.453633090478,5727.7486085541495,1.2633053036414887,48.30720351756523,51.69279648243477,13698.624251289586,1837.4220096449594,28,7,7
19794750.0,,,1653467147.8227425,1653467177.916388,887.3643437798625,25.965462099400714,18.438633095089067,0.07692307692307693,0.24679037652389682,7.806020066889632,25.12836654929923,18.508090378739425,888.6588628762541,100.63545150501672,0.020844141748771382,0.029366568191420903,67.71930919808317,72.08805708094827,64.28298549574694,1.9833252816242182,146.7102299675306,48.03840562157795,3.4921690226287834,72.16250215395986,27.837497846040147,424.33850801603853,229.58987242693,42,6,8
48647331.355932206,,,1653582796.3254237,1653582826.3254237,987.4961683055607,25.213197971429352,19.56598274589302,0.36610169491525424,1.2531858902402444,1.5457627118644068,5.450126681476014,19.649493118312115,991.1694915254237,109.14237288135594,0.020575628786169486,0.026481323713650372,61.016370053599935,69.60342081157386,58.73469786506147,2.2329856910293167,349.18713153646837,502.8756624390765,1.9363673227964346,55.05972244677088,44.94027755322912,1086.7937963445388,234.7310023689941,26,0,4
46378500.0,,,1653573702.4347825,1653573732.528428,920.0051983464539,23.92685204803613,18.654125757553476,0.3076923076923077,1.006463380326852,7.391304347826087,24.758540899210484,18.723727758853023,921.9163879598663,95.51170568561874,0.02040135593699362,0.026088867847854292,65.31739749058082,69.03802771516798,62.16794320870521,1.6954495090118493,121.38698917409737,55.878897628751794,2.2273727929613623,61.31476127638509,38.6852387236149,349.93673520771614,172.67084840486692,26,0,4
64910500.0,,,1653647983.0100334,1653648013.103679,834.4941733544453,53.94261036207797,44.456095335438846,2.5585284280936453,6.596809423087425,9.993311036789297,29.601638617443015,44.55534377883945,838.9665551839465,270.10367892976586,0.05675132798836954,0.06906104697572617,73.55153022571254,100.1232261724931,64.0185111641307,6.817798516086459,1064.2135343670648,1455.9095448761725,1.539724613117075,53.51045225026817,46.48954774973183,3214.9254135653105,694.8023343220731,24,3,2
64155101.01010101,,,1653644955.4040403,1653644985.4040403,842.272940739519,36.67976460790213,28.64804100699005,1.569023569023569,4.798234545092468,3.04040404040404,9.405476625562995,28.726734363476712,847.10101010101,164.55892255892255,0.03477451606592769,0.04467620022541206,71.93475495432703,87.55407340325469,66.5840232194138,4.418457191421198,918.380110946127,953.8262134618569,2.905578911524623,61.14524533757513,38.85475466242487,2314.7971298379252,442.59080542994155,24,3,2
64224000.0,,,1653645231.548495,1653645261.6421404,859.7241681813853,30.989341212532445,23.311093467873906,0.8762541806020067,2.7149129127616876,3.150501672240803,9.794439654754399,23.395606942605884,865.5551839464883,141.9732441471572,0.02729964631163887,0.03619816600313848,70.03394650043967,82.13896333535432,66.33644413067746,3.1918221422584847,329.4825029662542,437.14849639715845,3.324842269971327,67.75511373156463,32.244886268435366,1030.8889246931155,264.2579253297027,24,3,2
64628875.0,,,1653646854.5,1653646884.5,835.9996802416205,55.14417995860001,41.49595430969235,2.1133333333333333,6.162076492695439,7.9366666666666665,24.21334994915028,41.59457606286345,839.7933333333333,252.07333333333332,0.05038443927958451,0.0673096057333152,72.87678208576585,91.41003991489958,63.85800625621808,6.078539679103839,1477.6022604627242,1617.3811557918134,2.4554674782068955,61.461524882135585,38.538475117864415,3948.688132502783,853.7047162482451,24,3,2
64779875.0,,,1653647459.5,1653647489.5,850.349368453442,19.12421329677136,14.043209008049422,0.09333333333333334,0.2816399286987522,3.84,11.813013915243518,14.073265063897404,851.1066666666667,74.21333333333334,0.01653627714717644,0.022512934350872607,70.61503131164537,73.87320548165732,67.67948931907547,1.5750638485536586,78.31162005927125,28.58499737467555,3.6987146989007376,73.3237795618916,26.6762204381084,223.66795751784483,116.77134008389801,24,3,2
58362125.0,,,1614923906.5,1614923936.5,887.9506355059129,16.91456588442515,10.866894546752185,0.09,0.3050055617352614,2.1366666666666667,7.154399178099123,10.928863484735235,887.9866666666667,64.57333333333334,0.012180846969967,0.01890472326036886,67.65547350708341,69.98214761498981,65.15930207572332,1.247334830561161,65.97271300015008,29.421384224238377,3.1992044467739054,70.35167770187955,29.648322298120455,190.39884296287502,95.00474573848656,25,3,2
58102875.0,,,1614922866.5,1614922896.5,850.6287076861048,17.696406465699727,8.697106571250163,0.0,0.0,0.79,2.4279907710884943,8.75521133673581,847.9866666666667,63.053333333333335,0.010284091137238029,0.02070452649128879,70.58316757223322,72.85769496047955,67.71932505018036,1.419400772952132,67.76529445501177,20.100559161117285,3.4072460987714535,69.69337597867471,30.306624021325284,222.88158767867998,135.01573406255093,25,3,2
57656875.0,,,1614921077.4366667,1614921107.5,689.8130514292613,17.288643019135506,7.744935799072267,0.28,0.6466544138410275,0.7666666666666667,1.8189089685388138,7.803911905465849,690.5666666666667,68.46666666666667,0.011557089320061751,0.025496890036766515,87.44645703821446,92.98486111285658,83.60984377014356,2.2863018752523945,113.97530188666994,26.420753879888107,7.053994067594454,81.95111226297153,18.048887737028465,281.29931232957887,140.9032565630208,25,3,2
58174750.0,,,1614923154.8461537,1614923184.9397993,864.1996976116953,22.92007103208934,9.816179308402795,0.0,0.0,1.9431438127090301,6.191889993519184,9.936003701846017,863.1505016722408,84.29431438127091,0.011420268748525085,0.02657401921445,69.58777162685901,72.82964740769785,66.07191618360008,1.8241943740200421,113.55646896537361,30.292146280050762,4.456828400793188,77.14128611213438,22.85871388786563,444.0743314070928,300.2257161616684,25,3,2
,,,,,,,,,,,,,,,,,,,,,,,,,,,,17,2,4
,,,,,,,,,,,,,,,,,,,,,,,,,,,,17,2,4
,,,,,,,,,,,,,,,,,,,,,,,,,,,,19,9,4
,,,,,,,,,,,,,,,,,,,,,,,,,,,,19,9,4
42188682.98969072,,,1612787435.2646048,1612787465.3608248,669.4620087157809,75.81457350060336,50.64121102256784,4.298969072164948,9.283310638281332,10.357388316151203,24.783218052951966,50.76451062301804,656.4536082474227,380.5343642611684,0.07898371585180025,0.11498646061714649,92.46488787947291,112.07444432564081,67.78784108246205,8.552046992564314,2264.574798137747,890.4402616756812,3.3190343114643204,64.10226019722094,35.897739802779064,5375.610570240085,2220.5955104266563,29,19,7
42188682.98969072,,,1612787435.2646048,1612787465.3608248,669.4620087157809,75.81457350060336,50.64121102256784,4.298969072164948,9.283310638281332,10.357388316151203,24.783218052951966,50.76451062301804,656.4536082474227,380.5343642611684,0.07898371585180025,0.11498646061714649,92.46488787947291,112.07444432564081,67.78784108246205,8.552046992564314,2264.574798137747,890.4402616756812,3.3190343114643204,64.10226019722094,35.897739802779064,5375.610570240085,2220.5955104266563,29,19,7
84778835.08771929,,,1612958207.42807,1612958237.5298245,634.2231199985416,243.20272105435407,171.49385463356137,27.96842105263158,69.50710395223035,33.65263157894737,83.39120120621621,172.07802949493697,579.7194444444445,1007.6442105263158,0.2647073825639035,0.37328700418827726,110.79063620060991,186.15796586929906,48.36281160785848,35.50552849441981,21066.990381295487,15354.20588787618,1.519856545841228,53.084207515096715,46.915792484903285,45213.26663686409,8792.070367692424,20,27,12
18076250.0,,,1646556544.6488295,1646556574.7458193,694.8458923484694,26.265730141327452,11.527334295590801,0.0,0.0,3.1137123745819397,7.802904506303943,11.591386746159811,695.6739130434783,95.96989966555184,0.016640903523528143,0.03770934513561899,86.55422114340564,92.65635620865046,80.73053829790742,3.2115578625605727,259.0909120259787,40.916387208592965,7.9802024627577595,83.5136492435037,16.48635075649629,553.284806070663,253.27750683609133,42,31,8
24942250.0,,,1646584086.0,1646584116.033445,864.2549037255803,53.189702123810434,29.92898336703951,2.347826086956522,6.601825641446418,7.762541806020067,23.271956836269588,30.10112058852649,874.8595317725752,215.30434782608697,0.036744804622531956,0.06493699729652973,70.53016921951266,93.64478224569,63.99706181563911,6.212311789499669,1122.801172039642,621.9243716566442,3.553102374340291,73.50922577528678,26.490774224713213,3309.999341994998,1565.273798298712,42,31,8
16615500.0,,,1646550685.090301,1646550715.187291,750.6451108624427,44.67945272215003,25.288517272172935,1.7491638795986622,4.596486501818572,9.501672240802675,26.627860158081972,25.436359180128115,748.1705685618729,178.87625418060202,0.034285622935285205,0.06018084021326478,81.23166580261407,94.18142562455738,72.15634361917186,5.0913814113781815,618.7034967107519,244.5924112541215,4.705891461320951,74.30508560693532,25.694914393064675,1545.3536603259145,682.0577523610413,42,31,8
17267250.0,,,1646553299.5050168,1646553329.5986621,670.0469652087287,39.81791493158505,25.963914111931103,1.5150501672240804,3.5738673116853246,6.167224080267559,14.709222698848116,26.02663396019046,672.4063545150501,202.9665551839465,0.03897433998678498,0.05961430041851389,90.23655482524259,121.93769292997348,81.29965724048746,7.114406123766395,661.1263341918599,628.8831815936162,3.294128160847486,66.15485636838542,33.84514363161457,1594.6134812673795,304.60396548190346,42,31,8
25622750.0,,,1646586815.7391305,1646586845.8361204,940.5313507018203,28.773226936358004,29.69504876453156,2.709030100334448,9.247244509613326,14.157190635451505,48.31293144636473,29.72473557660124,939.6120401337793,103.47826086956522,0.03158579933265207,0.0305634675874012,63.856678663960274,67.1030943251958,60.17141818458465,1.9038202206481583,60.77216983861177,290.7488722691481,0.21344622515111014,16.74954493893657,83.25045506106343,405.0798251935006,53.55878308574075,42,31,8
47811125.0,,,1646675752.5,1646675782.5,866.9499759129147,33.79638602339931,15.482618536691673,0.20666666666666667,0.48272336872170435,3.8566666666666665,12.15142974077466,15.696476365656629,864.9066666666666,118.66333333333333,0.0186617523165563,0.04329105223406821,70.61094865244445,76.35413685682936,64.92228024352107,3.2777157305055376,362.6215006059304,94.27584973210627,3.9147206577077927,61.07649938592748,38.92350061407252,1466.0567863629383,1009.1594360249017,50,24,7
47348250.0,,,1646673897.7993312,1646673927.8929765,984.9166905302321,29.140526699903667,19.967994097291527,0.45484949832775917,1.6440955346502573,7.588628762541806,27.16713001628236,20.066276862159263,986.0033444816054,109.27090301003345,0.020378860739148213,0.029650387064900193,61.00020416898762,64.70414970062069,57.84808810517598,1.7967432943106412,156.84910692135188,114.46128897281353,1.2967934117450761,46.93852625457398,53.06147374542602,511.51691873294044,240.20652283877507,50,24,7
68007000.0,,,1646756762.0635452,1646756792.160535,899.1035198584724,22.02560496353516,14.072237707203683,0.0,0.0,4.073578595317726,13.273905851044702,14.112568370693733,897.2240802675585,84.62207357859532,0.01568561978926071,0.024472422266465687,66.78475829867307,69.75018150972579,63.53533071023028,1.5949786583568633,129.28234096878163,43.98108484061948,3.146574095186107,72.16786364485787,27.832136355142115,281.7860546217922,108.5226288123911,46,24,10
68812000.0,,,1646759992.297659,1646760022.3946488,906.3211106915525,18.034857906990805,18.961160056427037,0.2809364548494983,0.9191930089545799,6.424749163879599,21.052972273168624,18.97979365448804,904.6688963210702,68.123745819398,0.02094236034396412,0.019900381226764585,66.2295570477631,68.57552088607972,63.616337353624814,1.2920699761365564,26.4877975072672,110.12927412043463,0.23474339142538345,17.70311633532029,82.29688366467971,169.74790067945045,33.130829051748655,46,24,10
62874750.0,,,1646736167.9063544,1646736198.0,657.8173731420957,22.20430983629845,11.324396857934072,0.22408026755852842,0.4714295879883299,2.1438127090301005,5.126917394139329,11.372489308143267,656.0635451505017,92.07692307692308,0.01738127116773941,0.03380132389012329,91.5203267821729,96.9196261279701,84.36260276879337,3.0094243540366374,166.31096158733052,60.349435659055914,3.7001564365182262,72.46001895144109,27.53998104855893,380.7844886617134,154.12409141532697,46,24,10
65401750.0,,,1646746308.0,1646746338.0568562,782.1702198571134,19.19363423341924,12.471233852364254,0.09364548494983277,0.25044904819592373,2.2642140468227425,6.353770025141056,12.512741456693954,781.6454849498327,74.72909698996655,0.01602041913150829,0.02479833086265538,76.82155537071628,80.44773357502692,73.06021782266373,1.8887111264857812,140.64272688369203,40.67917540236927,3.4876005670720036,56.46323802396564,43.53676197603437,353.26316441798554,171.94126213192425,46,24,10
90384468.37944664,,,1646846552.0671937,1646846582.173913,749.8859201146282,282.2235379324574,215.64071042338895,19.067193675889328,71.37208473394702,22.106719367588934,81.53363802370103,217.35274314488825,701.2765151515152,1065.6080368906457,0.2800136544146144,0.3636300602648631,95.55861287059147,165.93992877458035,46.42864821563325,31.79979055622477,22428.69516378034,21665.829949618623,1.4418327153220227,49.41837614482637,50.58162385517363,55475.51299090892,11380.987877509957,18,0,2
90540250.0,,,1646847177.1337793,1646847207.2307692,817.7028300172633,33.82171067139479,18.715980761606396,0.46488294314381273,1.3041489512077746,6.013377926421405,17.70269893351735,18.810482136251363,820.6086956521739,138.19732441471572,0.023185342851332422,0.041815329155874825,73.63459597120051,83.52255840850194,68.71543951470748,3.380084636448203,347.4527175632577,196.61148664208923,2.9653272622376994,65.40783880459868,34.59216119540133,1001.918577601524,457.8543733961771,18,0,2
40182000.0,,,1619514992.2809365,1619515022.374582,506.20650133302206,141.43475711992568,102.98418152684945,38.12040133779264,60.19238429287877,52.68227424749164,83.05683305425845,103.08131026715594,482.0221571906354,672.5301003344482,0.2020628787289975,0.2755023458171174,127.5011191776603,197.2828196888322,64.76828171902412,31.360149833912097,6508.703889825223,6645.457263830783,1.0512554643251568,47.800473970319416,52.199526029680584,16404.204507989256,3250.043354333247,86,0,8
40066820.90909091,,,1619514530.5236363,1619514560.6254547,554.216672704804,183.04066554710312,113.48270350782592,30.985454545454544,55.682780539285375,47.58181818181818,83.58811370030419,114.6768847899811,510.3480735930736,803.7624242424242,0.20378531720681523,0.3169965732453148,121.92308974407365,185.21511501917425,58.03735422068622,31.378021062825827,12160.446284390151,6662.837854484845,2.070712004809794,58.66513459734155,41.33486540265846,28471.58108276047,9648.296943885473,86,0,8
41514500.0,,,1619520334.1438127,1619520364.2374582,738.7649718757682,29.088031775511592,21.770034063240377,0.9364548494983278,2.4163961939001544,5.327759197324415,13.926192823834084,21.818961450086572,742.61872909699,139.03010033444815,0.029731430140856437,0.03966452225602345,81.5126783722171,97.21126981972817,76.38334885026646,3.986765300567462,291.9901522661488,336.5229014965909,2.647232382845604,58.3935378948187,41.6064621051813,922.1143582002189,293.6013044374794,86,0,8
41708375.0,,,1619521111.5,1619521141.5,749.6969826515442,24.805423900402037,14.191761837005096,0.02,0.05128205128205128,4.68,12.70525214341004,14.257115867291047,751.3066666666666,93.79333333333334,0.018985090753036858,0.03301542790608267,80.24780907999089,86.20210011948829,75.82119916983174,2.671425483773054,150.08269397261523,51.91044742503471,3.7606208884476797,71.72738097176543,28.272619028234573,492.4212376916718,290.42809629402194,86,0,8
61408250.0,,,1619600093.4782608,1619600123.5719063,714.2017278861039,29.71733420991835,18.313074740853164,0.7792642140468228,1.9598723618863494,1.6622073578595318,4.221480752761745,18.362367743892946,719.2809364548496,134.1170568561873,0.02582753043419216,0.04175767246746076,84.36187928143622,102.4159268201333,79.66420530918938,4.473905265105992,280.2552686919235,394.26035198822285,4.642221851408899,69.35813005847808,30.641869941521918,1054.379701106022,379.86408042587533,92,8,13
61279000.0,,,1619599575.123746,1619599605.2173913,690.2522838001148,14.503844619524044,9.337097632763353,0.030100334448160536,0.07718034473887318,0.2976588628762542,0.7456740312193448,9.36642457735431,691.6421404682275,56.68227424749164,0.013549994002713688,0.021052451149599447,86.99416593323959,91.0865528965783,83.84658687984161,1.8295493391303674,53.47118181704831,12.863238466304999,5.474011050482015,78.30676018161493,21.693239818385074,165.70875196411023,99.37433168075691,92,8,13
60403500.0,,,1619596064.7692308,1619596094.8628762,834.3624239642143,35.76793232396602,17.82473804699804,0.46488294314381273,1.3935650810702376,7.133779264214047,21.372731852477752,17.888515477431067,841.2692307692307,121.77926421404682,0.021465100694120602,0.043044129077619245,72.11457707757125,78.11175106537559,67.29651089366855,3.1441184082847586,308.61275115040763,77.64270572985457,3.7801515276200552,68.35637637359137,31.643623626408626,1088.7666076190415,702.5111507387793,92,8,13
60594750.0,,,1619596831.5852842,1619596861.6789298,804.7853726782417,47.913063350871816,17.341844010784385,0.5384615384615384,1.5619475721777514,7.37123745819398,21.34836225479531,17.534827864161798,811.6170568561873,160.07692307692307,0.021789416708199404,0.05967655415304123,74.90297271863886,82.7586290508262,67.78595589446243,4.486593980456803,407.80176003695675,99.33982064451745,4.664397000062269,77.73591657065192,22.264083429348084,1653.9913095489992,1146.849728867525,92,8,13
61513000.0,,,1619600513.5016723,1619600543.5953178,646.6110767065552,32.78936926648508,26.012397575025535,2.8327759197324416,6.400317445342444,4.193979933110368,9.706326163753843,26.05644176423369,649.9230769230769,175.7591973244147,0.04003765180536109,0.050222170698025405,93.70725507815621,119.34555540150987,86.03944044492043,5.812941042652578,407.38367061049973,563.3298093175692,3.1811836691057636,62.85024391250894,37.14975608749106,1262.8785116478787,292.16503171980986,92,8,13
87275250.0,,,1619703806.555184,1619703836.6488295,687.1157891538686,22.51849874688472,13.31585985828067,0.3745819397993311,0.8938762372879121,0.7759197324414716,1.8819816621444239,13.354598742310614,691.8361204013378,99.02675585284281,0.019619040525544026,0.033109784569671244,87.6285862601864,102.11694289888146,83.61728642001405,3.6893584527913763,222.66052237970993,226.34548115008724,5.099982498550302,69.02894081840869,30.97105918159132,683.5657843136657,234.5597807838685,106,14,12
87915000.0,,,1619706371.374582,1619706401.4682274,749.6782440797228,22.168000771950954,15.48529122059207,0.3745819397993311,0.9826069146611304,1.5518394648829432,4.167721537902843,15.531721761119249,752.9933110367894,96.24749163879599,0.020858069510700607,0.029779967645948858,80.26134463867285,92.00327468410158,77.13874377997983,3.0457703436730594,192.0309609376651,270.81697455491525,3.5432040323853458,69.88753433281467,30.112465667185333,634.508042135697,171.66010664311653,106,14,12
83201500.0,,,1619687474.0,1619687504.0668895,610.7904474699269,12.940613794300292,5.481536692569626,0.026755852842809364,0.05633435328162433,0.026755852842809364,0.05633435328162433,5.504485550678163,612.6655518394649,47.4314381270903,0.009019658337238765,0.021226581686656452,98.30605279225163,103.01582888334768,95.14491044407796,2.1036719226790637,51.69386900858808,10.151258067732812,10.814103105287757,88.351129491086,11.648870508914003,150.45860059713152,88.61347352081062,106,14,12
83308250.0,,,1619687902.0,1619687932.033445,630.858803626355,20.221217133853,9.951378089591937,0.5250836120401338,1.128495563327011,0.7123745819397993,1.5604159706612684,10.0126162123881,630.1304347826087,86.36789297658864,0.016073799686998572,0.03230181985253904,95.35507220267286,102.92816825065196,89.33086816756072,3.075868380721414,112.34221746653319,58.06837104100338,5.589837816453109,78.70524375126804,21.294756248731957,427.40969391318185,256.99910540564537,106,14,12
83424500.0,,,1619688368.0434783,1619688398.1371238,611.8095848270215,17.164207906316836,12.47881246598129,1.2107023411371238,2.5276996701258803,1.2107023411371238,2.5276996701258803,12.501643983239864,612.0635451505017,93.19063545150502,0.020761483167845568,0.02829117622234693,98.29257146185152,109.1194578649583,91.97596848445946,3.0060812552580067,99.8201368585619,114.17422809756101,6.170960779221774,73.55046671104732,26.44953328895269,296.59562700290826,82.60126204678535,106,14,12
83672000.0,,,1619689360.4347825,1619689390.528428,552.0587886660206,17.810681889992942,12.560297069877516,1.1438127090301002,2.233804180068375,1.4414715719063544,2.801753707321272,12.577816844771629,552.571906354515,95.91304347826087,0.02251196734593264,0.031978096820998586,108.93956435134818,120.51515712058635,101.62822074007344,3.471280235612642,139.06025130511935,154.58441145438627,6.732252353543176,74.94096089282337,25.05903910717663,397.61880442103376,103.97414166152817,106,14,12
87478750.0,,,1619704622.3645484,1619704652.4615386,714.4985486249697,26.216086455614686,17.486015400678042,1.0434782608695652,2.6007070846844846,2.842809364548495,7.178312025899835,17.527880304276454,718.685618729097,118.2809364548495,0.02463916126770238,0.036905906854152536,84.19103687302803,96.40601473001304,79.50528713623096,3.4920607141738924,248.71191370800884,168.78272297470195,3.771237569757964,70.26966164605848,29.730338353941512,655.9952023423645,238.5005656596537,106,14,12
105223250.0,,,1619775761.7859533,1619775791.8829432,589.902506655496,14.184603958709506,9.603194872012256,0.5852842809364549,1.1895147819868876,0.7926421404682275,1.6120075763776052,9.627233181224481,590.3110367892976,66.72575250836121,0.016487319718569305,0.0242446497954822,101.94239475567674,111.6036557039581,98.05074309189632,2.707520456002468,71.84409670983227,68.18656338529769,7.393768283061559,76.68531390453359,23.314686095466406,219.17236918983275,79.14170909470276,110,3,10
106597625.0,,,1619781271.5,1619781301.5,586.2502972911868,10.99886103365189,5.091955982809631,0.0,0.0,0.0,0.0,5.122483890892554,586.1933333333334,40.81333333333333,0.008747624649980574,0.018860749967674534,102.46162728460683,106.34889761985255,99.10869235542086,1.927184507836583,30.717443755263623,5.482859569371803,6.579370513575274,83.81353203034467,16.186467969655332,123.79823714987617,87.59793382524073,110,3,10
105273168.07432432,,,1619775961.6722972,1619775991.7297297,582.3863860900218,65.86039300372019,39.80192732106026,3.875,9.829606429574314,4.503378378378378,11.505531503909028,39.90915221652073,572.7466216216217,293.9543918918919,0.06449185775057545,0.10686615641089427,106.22784574682532,128.41458942893067,86.14670382130232,9.621457540127233,4097.059142595986,1609.318732893017,4.981304722253042,70.71036724779262,29.289632752207385,8875.518325551762,3169.1404500627596,110,3,10
105449000.0,,,1619776666.8327758,1619776696.929766,561.9649903961376,21.014587773862516,15.800210783811263,1.4682274247491638,2.8675532090869837,2.0869565217391304,4.074830450383335,15.821591090144683,561.4414715719064,113.89074693422518,0.02806675441699207,0.03732640757355983,107.05188703388488,122.18020421821684,98.84240390171365,4.196293567870328,187.58482776472044,239.5690812111486,5.356038601382778,69.55254136312277,30.44745863687725,545.3240410551649,118.17013207929578,110,3,10
105550750.0,,,1619777074.7056856,1619777104.8026755,568.7390238884427,14.370032152285185,9.22018578723668,0.5719063545150501,1.1652605751615384,0.5719063545150501,1.1652605751615384,9.245092495846816,570.0903010033445,64.61538461538461,0.016142792836586543,0.025164631740476343,105.65461683818913,113.20002186140937,100.83824446984063,2.7023205082185378,68.02534505084652,33.92765709382446,10.537198783598864,79.57233092100574,20.42766907899426,186.17187709062824,84.21887494595724,110,3,10
106683125.0,,,1619781614.48,1619781644.5,571.9028793954737,11.708092075513662,7.292327188627907,0.2833333333333333,0.5588794492155837,0.2833333333333333,0.5588794492155837,7.309010282391663,572.72,50.625,0.012823152172935752,0.02051750820352763,105.01094921309857,112.08453434793851,101.63849755596465,2.2891262873112326,46.38893929011329,33.209531637621495,6.767620011038047,79.98789082326749,20.012109176732512,149.93043541664971,70.33196448891492,110,3,10
106835500.0,,,1619782225.0468228,1619782255.1404681,576.0649984773088,12.762070330983496,8.373902313911953,0.5785953177257525,1.1454319829295239,0.5785953177257525,1.1454319829295239,8.39245319948053,576.819397993311,58.55016722408027,0.014641993963809838,0.02224401405662412,104.25031048398259,112.67751161243291,100.82404065611681,2.4453244678083403,40.088100325833395,29.20693805647072,6.7889548211169535,74.42934803392153,25.570651966078472,153.86719012737206,84.57215174506794,110,3,10
106953750.0,,,1619782699.1438127,1619782729.2374582,568.4373359307075,8.31577383365722,5.2187472474315895,0.0,0.0,0.0,0.0,5.226744416778542,568.8461538461538,31.785953177257525,0.009196127590269332,0.014637832105422067,105.58705807307928,108.78452759619734,102.85087751590915,1.5344702450326915,22.332262792861542,2.7250985600376096,10.43969263424209,86.66435467058513,13.335645329414863,59.655850639314004,34.598489286414846,110,3,10
106615750.0,,,1619781344.0802677,1619781374.1772575,589.9771702845928,10.548540970010338,5.197874436715783,0.0,0.0,0.0,0.0,5.228596210430658,589.7692307692307,38.52842809364549,0.00887372993024877,0.01799125124108122,101.79795768426422,105.33467898449263,98.59809178608289,1.8256753605578973,26.74174119701455,5.250276005625665,6.052763506671864,83.30936212217772,16.690637877822283,116.22387348181628,84.23185627917606,110,3,10
16840250.0,,,1633509363.0,1633509393.0769231,749.9495442117336,39.162967483275885,28.324921542992595,1.2474916387959867,3.3355969190973322,5.147157190635451,13.7189267098657,28.389360540609623,755.1739130434783,186.0735785953177,0.03792945617178839,0.05241168705155026,80.56418223269156,107.87978248671952,75.38108425092999,6.076080607729248,553.3362047193904,795.9308901434682,2.2434598291125143,60.751743431101936,39.248256568898064,1723.00510058773,373.7380057248714,12,3,0
18261000.0,,,1633515056.6989965,1633515086.7892976,783.7475988013381,60.075890010946615,42.12069730793687,2.57190635451505,7.111771709786765,7.806020066889632,21.756164746188247,42.192462734626304,793.5484949832776,283.2207357859532,0.05448052322978806,0.07748410775082686,77.58961635409624,113.70808713129874,69.40973151677257,8.682437597336904,1264.3350115076348,1614.726614680566,3.4407580407238716,62.86835537566372,37.13164462433627,3600.157974837168,721.096348648967,12,3,0
18539000.0,,,1633516170.7591972,1633516200.8528428,812.9353184544409,28.905817621331742,18.750996028061724,0.3745819397993311,1.0170122995122737,7.117056856187291,20.728079623675885,18.82244674502355,815.7023411371238,108.70234113712375,0.023420038901652746,0.036322192170371484,74.06461498359458,80.2516305972843,69.55062619084492,2.7933691939999523,247.60170405390335,86.06863706598229,3.244372905114123,66.96092742437828,33.03907257562172,704.0956387503993,370.4252976305136,12,3,0
37608750.0,,,1633592588.528428,1633592618.6220737,793.6664043428345,23.173688571103817,15.797071867779056,0.0903010033444816,0.2548176461219939,5.852842809364549,16.685182554747772,15.828251869351687,795.9632107023411,88.05351170568562,0.019943082858267087,0.029195879754203423,75.68006946788908,80.3418180395213,71.8600812712788,2.194975690138161,189.40099080708774,75.83929579855233,3.173569382422087,69.81557910838794,30.184420891612074,323.6458475728484,58.405560967208395,22,0,0
29775250.0,,,1650923899.0,1650923929.0367892,764.3029633336145,26.45210117053518,12.675448938739638,0.013377926421404682,0.03148183127960681,3.4816053511705687,9.576328563230051,12.757454480714314,764.4598662207358,103.36789297658864,0.016689288594995324,0.03505003370970443,78.72081714885402,84.3683255072859,73.5341151724317,2.778879036029396,205.10329714301406,41.20151599603768,5.454108796448556,82.12901154402435,17.870988455975645,631.7231255492604,385.41831241020884,31,17,3
29637500.0,,,1650923346.361204,1650923376.4548495,769.9238841023738,23.37419808178155,12.477440073914247,0.05351170568561873,0.14864362690449645,3.317725752508361,9.156447417316983,12.51079140903883,769.6053511705686,94.34113712374582,0.016239359951147763,0.030332987587453834,78.01042161603098,83.18355681638333,73.58633826004865,2.345410950231856,179.14701672640786,31.394453625977516,6.29523868519919,82.89554979983828,17.10445020016173,384.12657319737616,173.58510284499073,31,17,3
28729750.0,,,1650919704.645485,1650919734.742475,648.6943085382352,17.540505428032457,6.8188265023211505,0.0,0.0,0.22408026755852842,0.5181785970461401,6.857244186501462,650.4849498327759,65.0,0.010552033785070618,0.027058444369919832,92.61448472716452,97.4384502171555,88.15149535029474,2.4943425543721753,117.14198135543833,14.357715782354793,9.953616658150713,86.22463098343444,13.77536901656555,258.89817908128407,127.39848194349096,31,17,3
29928500.0,,,1650924513.8662207,1650924543.9632108,797.1595773863912,33.16470950261378,19.08139242662982,0.8461538461538461,2.502153643457991,8.224080267558529,23.66414127603386,19.131910297040015,799.6521739130435,126.0200668896321,0.02388682582343031,0.04141340864691322,75.44112719986094,82.05538840783747,70.1120926871401,3.1034379804565857,365.6528825167902,59.39272952976719,7.004406869352827,83.68513554764276,16.314864452357245,770.9602388399023,345.91462679334495,31,17,3
30060250.0,,,1650925042.361204,1650925072.458194,786.3383844225949,29.382577471290524,14.00729093726168,0.09364548494983277,0.26570048309178745,4.765886287625418,13.476261855586124,14.062744055886357,786.7491638795987,113.07023411371237,0.017871895136405982,0.03733069124672873,76.44560575405129,81.8567385625447,70.96453498620808,2.815450417453543,239.7787164248255,43.411485450146415,6.600997780346204,80.73690864674838,19.263091353251625,622.9632384447966,339.7730365698248,31,17,3
30436750.0,,,1650926552.8829432,1650926582.9765887,727.9139124270936,37.265997230638504,26.82075077966811,2.230769230769231,5.842829715827428,9.74581939799331,25.370211721206267,26.861733974103043,724.7692307692307,167.40133779264215,0.03681464670595066,0.05111865376368957,82.67242555483787,89.90374074258403,72.15248357960947,4.008156205733709,465.8748366404157,209.73381488241176,2.1489506905883524,64.16764319450307,35.83235680549692,1018.4299746797275,342.82132315690006,31,17,3
47686000.0,,,1650995758.5250835,1650995788.6220737,586.2921431093973,16.13467589670152,6.419375114229681,0.0,0.0,0.09364548494983277,0.19844613649378043,6.467436744222461,585.6605351170568,58.82608695652174,0.011010481373940667,0.027374387053822006,102.57003908490307,107.38991067822428,97.23727947286179,2.758481314942579,89.43591317448714,17.731784866344217,5.6283116935500805,81.07997000408535,18.92002999591466,263.2728007056281,156.1051026647967,47,9,4
54155562.937062934,,,1651021715.2132866,1651021745.2517483,748.5683638018756,104.55482411556711,76.84627102018058,9.56993006993007,25.414101275902475,17.702797202797203,47.933002189376815,77.24127009830345,741.368006993007,448.8111888111888,0.10899675609044705,0.1476118988900699,84.58512365775232,122.43973380241604,62.65819220857208,13.750946185964173,4306.342167446991,4488.868234053018,2.9267470364866117,56.88990669746787,43.110093302532135,12748.589071001525,3953.378669501517,20,21,5
53161500.0,,,1651017726.9030101,1651017757.0,506.8136631746443,128.90747897729455,94.78164870574417,38.35117056856188,58.55331947231064,53.7056856187291,81.57743905106952,94.9083414869321,487.6827759197324,585.9892976588629,0.18581429308249742,0.25212653846318317,125.99760177227246,193.91224910253885,68.61127352458999,29.386002343825314,5047.145693720572,6785.52666227406,0.8884156017475718,41.25495592096849,58.745044079031494,13733.687441820166,1901.0150858255347,20,21,5
53886000.0,,,1651020633.6588628,1651020663.755853,809.6905450532049,26.580645522089934,17.27818368734865,0.6254180602006689,1.8582511549263467,6.31438127090301,18.56233511444509,17.329991942364163,809.0501672240803,101.67224080267559,0.021300991839573926,0.032670496889410844,74.2164925847523,78.91324585151959,69.69047751307568,2.3744815396817405,229.9828396254339,34.313623003598295,7.201082072484992,84.18206700710562,15.817932992894384,488.79668488435584,224.50022225532362,20,21,5
96094750.0,,,1651189972.0,1651190002.0535116,768.1582371003249,46.21231915739506,24.169629418560874,1.939799331103679,5.345208678302934,11.297658862876254,31.233196593040265,24.27216699500443,764.4682274247492,167.1705685618729,0.031563351728055855,0.0604514497431402,78.62684259648327,87.17485597578866,70.14101504604548,4.688719920985884,611.471583780364,94.55257625462032,7.473191167224516,80.03381419979652,19.966185800203473,1637.0809949575448,931.0568349225607,19,10,6
18176875.0,,,1617182253.5,1617182283.5,669.6537880096912,19.15954508056028,10.202263245013494,0.6533333333333333,1.4869638987423983,2.47,5.591125215356387,10.23371122223932,670.1666666666666,79.72,0.015490584356881705,0.029066318197106825,89.8350424355105,95.12906160128884,84.27542460242148,2.608881085365677,156.7919296104912,33.05571061382829,5.502241433665953,77.59300569567837,22.40699430432163,401.38559832717164,211.53795810285223,22,2,9
24517750.0,,,1617207682.1973245,1617207712.2909698,871.7181808481865,46.70466666325444,39.53060928686931,5.782608695652174,18.07815033505833,16.28428093645485,51.57744219882817,39.627963772892244,872.8896321070234,190.91471571906354,0.04579140392854006,0.05458952079281862,69.34436320282522,81.86677621457109,62.66904721668836,4.283392094193242,636.7011765338826,554.5159494368293,2.2322193813247346,48.35634979656915,51.643650203430845,1726.665711665901,535.4485856951892,22,2,9
29106000.0,,,1617226082.4949832,1617226112.5919733,837.7736096956047,45.45609065270539,38.64418517062538,5.849498327759197,17.902073886109857,17.97324414715719,54.402835686300335,38.70992639292553,832.3478260869565,188.31772575250835,0.045891762751075815,0.054123905057017245,71.8804075852017,78.85845446830815,63.41030921885188,3.7423805869565983,631.4515596022362,285.0345089459552,2.953036323840038,67.45601954279377,32.54398045720624,1219.4026673871601,302.91659883896864,22,2,9
38100000.0,,,1617262151.3946488,1617262181.491639,869.3452818347855,43.83732114137128,41.609359559053466,8.555183946488294,27.433825981733005,19.267558528428093,60.93103135498031,41.67237872826826,867.9665551839465,175.05016722408027,0.04744390695866847,0.0504234927837948,69.28491302339548,76.04776007662788,62.26934784654802,3.425740570327823,321.5861429754823,372.53922246728024,1.1753712551366589,46.153113418383356,53.846886581616644,1093.3228110193352,399.1974455765726,11,3,7
33076250.0,,,1617242004.4347825,1617242034.528428,687.324758507702,15.270846494249227,7.840746834218141,0.0,0.0,0.6120401337792643,1.523722287031296,7.879922489973539,686.7324414715719,60.06688963210702,0.01142933436797896,0.022167274272168875,87.38486412561365,91.14653731695556,83.54434784097019,1.9103227394833222,90.21089180968983,19.890372342952396,4.824691433342819,74.71370020174497,25.286299798255033,200.08402466938549,89.98276051674327,11,3,7
34169000.0,,,1617246386.8327758,1617246416.9264214,644.8040139129433,25.967250706768215,11.363452150915567,0.2809364548494983,0.5600230067877439,2.6755852842809364,6.272354305900987,11.448219959265096,645.5150501672241,104.51505016722408,0.01776063208457717,0.040157360150242016,93.72672013483047,103.17290831943764,87.09698851299912,3.81493587746728,267.00233504741584,59.54706214467647,4.859633062699053,78.74637178648663,21.253628213513373,610.3186805507904,283.769283358698,11,3,7
41349375.0,,,1617275182.5,1617275212.5,739.707522042689,38.11843482387598,15.931989637955366,0.78,2.125710836181923,6.226666666666667,16.999349413404367,16.097072147880308,738.1666666666666,144.21666666666667,0.021631655787499083,0.05252008868195204,81.88535645396162,90.25459556190961,73.88354613720713,4.3166664282972125,368.9456912984927,91.24747909860898,4.944685923967177,76.13262109684598,23.867378903154027,1533.6602442493452,1073.4670738522436,11,3,7
42572750.0,,,1617280088.7391305,1617280118.8327758,631.2538832090918,34.030643617199765,15.358007091440276,1.6622073578595318,3.5114016629208495,2.5986622073578594,5.599472480121845,15.431225572757164,632.6555183946489,138.44147157190636,0.024586867280176075,0.05433724222358623,95.66778181046865,108.32946238162688,86.44374802344876,5.293176522430858,347.86382926116585,199.2432843562212,6.356525631843695,76.56918059762504,23.430819402374965,1156.324256282854,609.2171426654669,11,3,7
68819500.0,,,1617385349.1705685,1617385379.2675586,852.6344520994777,18.300885374886484,18.619385609238527,0.40468227424749165,1.2487964933617106,7.638795986622074,23.47245343620437,18.639632579508877,852.428093645485,74.3010033444816,0.02184844360692842,0.021448090092384235,70.40697501310056,73.37331361520273,67.27163538182961,1.4836514518964463,66.95684215905665,72.08511726916383,0.9085076312176997,43.46097520146558,56.53902479853442,190.51794459234267,51.47598516412218,27,2,12
69292750.0,,,1617387247.1170568,1617387277.2107024,876.2994945592711,56.540611026647404,30.220524893392707,3.2441471571906355,10.426601862873763,13.76923076923077,43.90802449678169,30.432095089727184,880.0451505016722,202.00334448160535,0.034791423934925236,0.0657295795265265,69.09082753895643,79.37621583630647,62.00006226803338,4.7473778497956625,810.6448659853729,269.691799468903,3.21309681169223,65.65593272498663,34.34406727501339,2576.527709216002,1496.1910437617264,27,2,12
69777000.0,,,1617389189.207358,1617389219.3043478,867.3495261883658,26.770305118504236,20.217022409155877,0.8361204013377926,2.6508510773938543,8.37458193979933,26.359846341953844,20.28342475328006,866.9698996655518,104.52842809364549,0.02331143693299407,0.03087479231034161,69.29222861021886,73.3593742129793,65.06287480792675,2.100436497064202,190.37631744736046,89.64815115310091,2.6396446741585544,64.64010706554073,35.35989293445927,413.1734063449801,133.14893774451863,27,2,12
69976250.0,,,1617389988.3244147,1617390018.4180603,853.8635640107016,42.48327456929493,25.18677077173742,1.5317725752508362,4.653959758562329,10.652173913043478,32.9082091375481,25.293144009130526,853.4866220735786,161.8963210702341,0.029910400511289157,0.05129194840476889,70.79399161740588,77.73808482779134,63.88639665973707,3.6923973156447536,606.354000715161,152.10920687824847,3.46885191856118,66.32863682767083,33.67136317232916,1531.0564308257053,772.5932232322958,27,2,12
87776779.5608108,,,1617461363.3614864,1617461393.4560812,605.0003669814735,174.52574888387952,131.48999623225254,36.939189189189186,70.41300697893065,47.861486486486484,88.81657217041774,131.6548131898546,586.3875281531532,756.7466216216217,0.2130404227783602,0.2831014924893035,110.24343678310518,186.77887060734454,58.70970098266941,30.68643958176391,9343.726099649275,9318.244136126325,1.1638987860729013,48.74090015720818,51.25909984279182,23687.77047547602,5025.800239700421,6,12,3
92198917.5257732,,,1617479093.6804123,1617479123.7766323,985.8417814697359,83.15570736013098,91.75169494353968,16.36082474226804,59.291549863938,23.017182130584192,83.30108195192729,91.91344719763069,984.2757731958762,303.3951890034364,0.09288778869592579,0.0841141388237241,61.57949105787812,71.17982335406188,52.77663913457486,4.979923275998872,2445.641262149093,1999.586780540761,0.4875881900053379,19.143176331951523,80.85682366804846,5429.415843485914,984.1878007960594,6,12,3
92887750.0,,,1617481855.742475,1617481885.8361204,993.466384700241,73.08070897589282,89.81112577751152,17.551839464882942,63.59202266998369,22.953177257525084,82.98737688542786,89.89081199765222,1001.1371237458194,291.12040133779266,0.09061437250762962,0.07400969029828915,60.99463493447456,78.33407838841308,53.25840470031937,5.666087588160994,939.675424700841,2083.034223799874,0.24259483512690974,16.853301625012822,83.14669837498718,3464.270093805352,441.56044530463765,6,12,3
11556375.0,,,1618420907.5,1618420937.5,795.8429046357282,28.094799110894904,22.94582797637394,0.7366666666666667,2.12524545171604,13.183333333333334,37.77112299465241,22.973809662276405,792.1733333333333,110.84,0.02883735266202457,0.03523746494786074,75.50337333986286,80.4130325589009,70.05005709681674,2.596293415575427,210.48799412860916,228.063568195514,0.7661942911741167,36.66669315298931,63.3333068470107,539.5411567226887,100.98959439856546,3,9,11
11693375.0,,,1618421455.5,1618421485.5,782.9364909571225,26.178062247712106,23.523358714723287,0.83,2.343694955459661,12.46,35.08206525853585,23.548142133420953,779.3933333333333,105.92,0.03005484755707896,0.03341290959898022,76.72467834031245,81.23105060637982,71.06641458502591,2.487273911408941,104.28861196881971,251.87725277593324,0.4170026809770828,28.428829866203717,71.57117013379629,420.0058450728031,63.83998032805003,3,9,11
8540375.0,,,1618408834.5,1618408864.5,761.4808885152448,38.31827897997732,16.598525727320105,0.18666666666666668,0.4970977789043585,6.533333333333333,18.040517615791607,16.708474979310935,762.52,140.70666666666668,0.02193418335295763,0.051103062882074494,79.34654869023225,87.27019404989153,72.21955801349677,4.090339306872609,487.353832442166,108.23053248461427,5.700720826190493,75.02253834115031,24.977461658849695,1217.0090901588394,621.4247252320592,3,9,11
11114500.0,,,1618419138.0,1618419168.0769231,772.3856746271161,50.05254477933427,28.052538863230286,2.6020066889632107,7.299053624019714,14.160535117056856,39.420133848109714,28.166482629090616,766.0,188.50836120401337,0.036372329115426934,0.0650230369999649,78.13802901032669,86.52577363253835,68.03942319618625,4.914004421530719,626.3393038303417,298.04370336269335,2.1294290137145855,57.64181694760557,42.35818305239442,1894.0998372118538,969.7168300188187,3,9,11
8600500.0,,,1618409075.0535116,1618409105.1337793,666.5816279589839,29.596451398555775,13.1375281294333,0.3377926421404682,0.7597585407135587,3.5351170568561874,8.335153049980487,13.187907918442468,667.752508361204,122.96989966555184,0.01996902018677105,0.04441962757473092,90.42327675498427,100.34502721650456,82.90213965994474,4.035252498403859,406.94172460522594,68.87469541141432,6.905316969899726,81.93066649076665,18.069333509233353,848.9882352661336,373.1718152494933,3,9,11
10540125.0,,,1618416839.5,1618416869.5,790.6268282603156,74.92127174156515,37.916504747224806,4.61,12.873015763639112,16.846666666666668,47.82732129252555,38.03311261933669,784.7066666666667,287.37333333333333,0.04868287862530275,0.0961795414594267,77.05717549743656,101.85590881733165,64.92212994082603,8.438455223607889,1343.397957114756,904.2347878909563,2.1399891533247235,61.63733196684873,38.36266803315127,4831.495348882361,2583.8626038766483,3,9,11
11219875.0,,,1618419560.5,1618419590.5,717.3408015733401,32.22319976147939,18.97132448500066,0.8333333333333334,2.1870702194649114,7.866666666666666,20.33086635646268,19.040179575310244,713.6133333333333,133.42666666666668,0.026401853330961497,0.04490434270440942,83.97141598652637,91.7457984596235,76.05207224949255,3.7350633184296664,219.2170125336817,151.9376070168498,1.792266719915494,57.47931737086801,42.520682629132,811.4413811669765,440.28676161644495,3,9,11
11402875.0,,,1618420292.5,1618420322.5,809.3975549330844,30.811455440331255,25.4689403897541,1.07,3.1547152194211017,15.686666666666667,45.865682030387916,25.499508230604746,808.2666666666667,120.6,0.03145842821984268,0.038018347370351355,74.25115316603969,79.70130424581274,68.72239532651587,2.7714432674085088,166.19031805785835,343.6638768255843,0.5353755541732867,29.278287510165057,70.72171248983494,582.6840953594018,72.82990047595915,3,9,11
11910875.0,,,1618422326.5,1618422356.5,820.8692375477724,68.65685801467379,28.817333239916096,2.763333333333333,7.952706135835568,14.5,42.83970909000121,28.971038460684753,826.6533333333333,236.50666666666666,0.035531053453658326,0.08461272911397116,73.8282635966937,85.844267036939,64.02293742097932,6.333218479294138,1160.411221846614,216.46459269860733,6.569534709067041,80.76434233733167,19.235657662668327,3601.6528133987063,2224.7769988534856,3,9,11
30709875.0,,,1618497571.5,1618497601.5,636.2431711209941,24.52487938427313,10.647268060308136,0.0,0.0,1.92,4.341802751370765,10.685938236754547,634.9,95.89333333333333,0.016785742738597276,0.03850395973113057,94.51063223488474,101.50068678843313,87.39261351986592,3.5807724549354627,271.2996807088995,73.81806870917563,4.363241553195092,76.16401961909087,23.83598038090913,488.2304980556766,143.11274863760138,2,10,8
30874125.0,,,1618498229.5,1618498259.5,688.3447998192224,24.72615059625789,12.809698242101257,0.09333333333333334,0.22784552845528452,3.18,7.7943443019449825,12.84531070293192,687.7533333333333,97.94666666666667,0.018666537104215106,0.0360111121571497,87.32473583232525,93.64657482966707,81.19692804751557,3.107068412194835,265.07097009121793,85.55054480162367,3.856547388044069,67.26274507192208,32.73725492807791,466.86239124636904,116.24087635352747,2,10,8
31026625.0,,,1618498839.5,1618498869.5,670.7095903294846,56.10658923652457,30.65427895764559,2.68,6.010645316838978,8.48,20.086405897505394,30.77109049081054,667.1066666666667,256.11333333333334,0.046967221512195956,0.0848923496497238,90.48871344940282,113.49866214701528,75.45995269755598,8.042203758970318,1160.228188044268,728.1027203446697,5.108717943528286,71.36701723954788,28.63298276045213,2733.3417731263567,845.0108647374184,2,10,8
31150993.22033898,,,1618499337.1152542,1618499367.1762712,738.6105543290734,31.87514831544467,19.17038731116481,0.5830508474576271,1.570160000286491,5.2101694915254235,14.151897593463453,19.274435703029734,737.7220338983051,129.61864406779662,0.02604415282720873,0.0432368927104263,81.53734601737877,88.64367261692017,74.7276689308083,3.4335282228963244,282.45164235417144,212.20008011203186,2.1086273710427386,55.35593789982128,44.644062100178715,905.3574196320124,410.7056971658089,2,10,8
56313660.58394161,,,1618600051.6423357,1618600081.6423357,1070.7446159989358,251.9005909351684,189.99267926550735,12.27007299270073,59.15072473042124,18.00729927007299,81.0619208383041,191.42035751523716,1055.0059610705598,883.0675182481751,0.1708333645170759,0.22658615564665358,62.13614899136612,105.45441829183146,42.603366043915166,16.308206145737238,21422.454543007996,14420.353286601376,1.79814387666045,52.35778095334448,47.64221904665552,46143.19757153306,10300.389741923693,64,17,13
56545381.79916318,,,1618600979.5271966,1618601009.5271966,794.3987010466626,224.14601651839774,148.1916426509714,16.98744769874477,50.737798385591475,24.259414225941423,72.48266351097047,148.8955087087479,753.031380753138,897.4811715481171,0.1937812803450257,0.289553023073872,88.26598757212817,147.95046487362077,46.61151029101168,24.67420483622337,16201.69624630749,10864.881902314259,2.904415508149011,65.09990147037401,34.90009852962599,36241.70722007,9175.129071448255,64,17,13
55000125.0,,,1618594794.5,1618594824.5,877.4134053533439,32.76470088653785,28.698203164072414,2.466666666666667,7.833642880417074,13.946666666666667,44.25045210166178,28.739151618811345,874.2866666666666,133.14666666666668,0.03275212634440272,0.03732441526260368,68.49213671377024,73.57842260992716,63.2224152874032,2.5143958725407765,232.40910435537774,257.5631072578073,0.8063099336623777,40.142951692655586,59.857048307344414,634.6591726961276,144.68696108294253,64,17,13
56870264.705882356,,,1618602279.3308823,1618602309.3970587,777.8841159058061,167.27001393841965,119.75840505699371,16.154411764705884,47.3360273525425,25.36764705882353,73.79547665913162,120.72195051669836,761.359987745098,718.141237745098,0.16094942275141194,0.22477330279056854,86.19818380936594,131.9957034573524,51.61711369527788,19.405821429022026,9617.337827809488,6981.2175655483015,1.462940538529437,49.20371409859192,50.79628590140808,21406.873435907404,4808.318042549616,64,17,13
40558750.0,,,1608203840.173913,1608203870.270903,676.6790855808994,19.09533958403542,11.680411016087266,0.6555183946488294,1.5781790077703663,1.0367892976588629,2.5094689067337543,11.708933010431867,677.2207357859531,87.83277591973244,0.01730024491469635,0.02819762610049296,88.77651716918453,97.59573108766747,84.71438296352018,2.6559976166690045,137.54264252264855,90.6955190119702,7.8968382290167956,77.64413766057416,22.355862339425837,325.8707507856813,97.63258925106256,12,5,9
40193375.0,,,1608202375.4966667,1608202405.5,738.0775011246063,7.880099550532665,6.544070123479757,0.0,0.0,0.0,0.0,6.555892028242667,737.3333333333334,31.666666666666668,0.008871547960322634,0.010656928593166614,81.31204155330319,82.92519134410982,79.4550646993804,0.8511595928708012,16.709731785050636,6.531920787741996,2.8408657629022316,70.3495038268748,29.650496173125212,39.59128947260507,16.349636899812438,12,5,9
41287000.0,,,1608206760.0,1608206790.0100334,688.9275449358772,60.510981793828314,48.265383485016876,5.581939799331104,13.29334416118061,5.806020066889632,13.819122676347211,48.3245284733919,678.8327759197324,339.3361204013378,0.06953108337763922,0.08699869530436508,88.03061549358935,109.09499561832081,67.90306487939696,7.337542301204396,1317.1575710928848,1316.1273463761472,1.5545907951217375,54.87760829523904,45.12239170476096,3182.3355087348796,549.0505912658473,12,5,9
45210625.0,,,1608222491.4833333,1608222521.5,766.8611508856171,56.94926935603082,37.84552509853998,3.1,8.236140143634845,5.626666666666667,15.048161242256235,37.93706743458047,762.2,259.99333333333334,0.049498631203679595,0.07494648008849418,79.16345008249196,97.50145637741431,66.44741486232851,6.6793170003613165,1493.980927362533,1149.335474637834,5.366612618483441,71.27933191538906,28.72066808461094,3125.7793207147524,482.4629187143852,12,5,9
65671250.0,,,1608304530.3712375,1608304560.4648829,775.9169418145347,105.03204048754962,92.32389308303094,11.926421404682275,31.17503852409679,12.608695652173912,32.96965740197566,92.46425007742282,734.0183946488295,451.1404682274248,0.11858359987057573,0.13481312458606157,78.72926227100578,100.85951537521287,55.919475155607536,9.661693186662715,2239.4338283918996,3161.5252786110527,1.0541726557379736,44.161282838619066,55.838717161380934,6350.658106868114,949.6989998651622,24,9,5
86696875.0,,,1608388831.5,1608388861.5,762.9355645631508,110.97535093525444,88.31348582012635,8.106666666666667,21.239888773650005,13.016666666666667,34.10996766879308,88.45187853775013,732.33,526.3266666666667,0.11508853037999868,0.14455104264233568,80.262514713327,102.24229007648314,53.11430650357639,10.142248738833922,3919.264149183235,2047.7581978299247,2.9358589800100248,66.64540976540896,33.35459023459103,7160.304778383322,1193.2824313701612,31,15,11
30795625.0,,,1617230919.5,1617230949.5,879.8583845571463,30.096580753264206,31.34559274648792,3.4433333333333334,10.889850114043664,15.693333333333333,49.79616731834474,31.37255727714039,879.2666666666667,111.44,0.03568412171112748,0.03424375765935914,68.28893233765538,72.73517777392517,64.10062719823893,2.2980496777479043,93.7290704942838,365.8679483304238,0.27212463592528685,19.67481399343357,80.32518600656644,536.3779715117638,76.78095268705609,22,2,9
23770750.0,,,1617202743.090301,1617202773.1839464,725.2968323418561,18.663475996664825,15.736823866067732,0.0,0.0,7.7157190635451505,20.090189508425738,15.760678218603177,724.7140468227425,79.32775919732441,0.021688270049244836,0.025736037264875656,82.8080133975477,86.87609119392117,77.91840282262946,2.096089668325827,77.91708829080262,66.88965281251221,1.2463008353555782,50.38734902300606,49.61265097699395,246.5103623918352,101.70362128852037,22,2,9
29735750.0,,,1617226668.4013379,1617226698.4983277,877.5993626753954,39.0832938236035,31.850774625718714,3.3578595317725752,10.500283291513385,15.37458193979933,48.83529460750812,31.921365895312775,876.2023411371238,137.752508361204,0.03661159693644561,0.04590470592020555,68.73778669068737,74.28764665193113,63.110464329930686,3.189985241681373,310.8501628946654,296.40399377880107,0.7818085791045,29.948680166799953,70.05131983320004,1382.3286198066646,775.0744631331983,22,2,9
51084500.0,,,1617312296.1705685,1617312326.2675586,537.592145396471,149.24730033080968,114.57609098653012,37.290969899665555,61.928640378772336,49.79933110367893,82.19339811754163,114.67965019907112,517.5602564102564,657.6638795986622,0.20839605877409345,0.2717889915531281,121.48272155376232,192.1886216879129,64.41767256162699,30.393045924529975,8464.403886857517,7962.730196633529,1.148318758106358,49.165595739897945,50.834404260102055,18461.008924085803,2033.874840594756,11,3,7
18305750.0,,,1646557865.5785954,1646557895.6722407,684.4493516171644,43.212438709134524,26.260085878186192,2.608695652173913,6.138497022914726,9.267558528428093,22.697397707652105,26.341056328330048,685.4080267558528,200.45484949832775,0.03913301410299127,0.06412133792501096,88.5192465660782,109.53917356427814,78.51431650415564,6.145249993584506,498.8065012452319,357.7552099766541,3.517288897347937,64.17900564522175,35.82099435477825,1528.6183165658392,672.0566053439532,42,31,8
44879000.0,,,1646664408.1337793,1646664438.2274249,969.4299500196729,51.662579740367164,35.23960941707558,4.260869565217392,14.967848798433504,14.923076923076923,52.456033887818,35.359259533260136,971.6521739130435,190.20735785953178,0.036490784468201413,0.05331657099461076,62.11516984587279,69.21214454198915,56.7177734666926,3.31393795724066,795.5297972309722,262.48219320730766,3.224296057670128,66.96539842358834,33.03460157641167,1591.540552350161,533.5285619118811,50,24,7
44882000.0,,,1646664420.173913,1646664450.2675586,969.7759731619478,51.783042359507974,35.449764553475426,4.31438127090301,15.156490741198388,15.016722408026755,52.79048204835312,35.57029257544419,971.8461538461538,190.86622073578596,0.036699755520254174,0.05342677841672269,62.09296965797844,69.18767745926849,56.6649849052418,3.3190505388247047,801.7270825634147,265.97937190024874,3.230565502203407,67.0678631830017,32.932136816998295,1596.5403228531316,528.8338683894683,50,24,7
31418500.0,,,1648857095.0234113,1648857125.1204014,994.6900176285483,18.46754380896377,17.69540057166423,0.06688963210702341,0.23889154323936937,6.501672240802676,23.397657093309267,17.71949739548333,994.5150501672241,72.80602006688963,0.017817759047075492,0.018573496561029464,60.34325304110004,62.51021762908337,58.108220934381244,1.097569530561076,61.97325373484143,56.5725911260155,1.1182289372267962,44.650205783984475,55.349794216015525,175.4402056285836,56.8943607677267,31,26,0
28886000.0,,,1648846935.4648829,1648846965.5585284,1079.6386715452268,35.5174606214959,33.30207469108229,3.0635451505016724,12.11525598147672,15.448160535117056,60.95682188491553,33.370225263146374,1080.0100334448161,131.95317725752508,0.030900931633588993,0.03283904397744236,55.64752752502807,59.2388360740396,52.43178796715031,1.7973059552639614,122.3420969703265,207.43317074822284,0.6083030187055902,35.358689975262095,64.6413100247379,617.5820231255384,287.80675540698917,31,26,0
29641500.0,,,1648849966.2742474,1648849996.3712375,1022.6918778236744,47.96435204877837,23.227206509378405,1.193979933110368,4.479237398709101,9.755852842809364,36.843184945136684,23.60529218008921,1021.6839464882943,166.81939799331104,0.02302345627010777,0.047479386025537494,58.995036294778934,64.18896115995618,54.333115185681194,2.788428019921441,282.57203620103365,135.52989487288352,2.3817915656231956,65.446549820758,34.553450179242,1408.0383687891174,989.9364377152,31,26,0
31119250.0,,,1648855894.5986621,1648855924.6923077,969.2399897387494,46.38560237221855,19.864200653417758,0.3712374581939799,1.2045005338328936,6.411371237458194,23.07232695588194,20.343319167411966,965.133779264214,163.71571906354515,0.021411062979609347,0.04873277430139636,62.59684787725026,67.9780837233285,57.013138135436854,3.0426520058493196,373.771117488927,108.73197509375555,3.5557945337797725,72.51941958954356,27.480580410456444,1675.7650254965563,1193.2619329138738,31,26,0
50312250.0,,,1648932889.2675586,1648932919.361204,980.1623139351674,83.8380340132633,60.05641266051996,2.4581939799331103,8.695205385881758,6.043478260869565,21.429997977860523,60.330549634356736,974.8528428093646,377.96655518394647,0.06194055449282055,0.08602779935524553,62.2275251055952,81.7226161193808,53.16233422889973,5.832622119229326,3514.7335614307976,1719.8352954365957,3.3162148335780466,65.484731771714,34.515268228286004,7210.475469231467,1975.9066123640723,42,18,2
31517250.0,,,1648857491.2006688,1648857521.297659,889.1005473632913,52.32955747556443,29.79485671611507,1.8093645484949832,5.038739758187843,5.735785953177258,18.145043495637964,30.045134119426677,894.551839464883,207.71070234113714,0.03634031468564603,0.06324390661121047,68.89900942174368,90.55986843934858,62.42822316889365,6.110202153614032,979.8478294628953,1017.9772420678607,2.6711355419361684,59.78023225154161,40.219767748458395,3380.718540973391,1382.8934694426348,42,18,2
51041000.0,,,1648935812.7892976,1648935842.8829432,495.59830805919086,121.01807896866293,93.36121306849192,38.20066889632107,57.57525696710744,54.97658862876254,82.57487233220117,93.41552814470451,484.84336677814946,529.6571906354515,0.18782934510308874,0.24333100795672075,128.60325084992658,194.33791660357406,72.68742000507162,30.350717050042615,4891.031481222017,5711.033158129844,0.9684077150863879,46.70028104444914,53.29971895555086,12279.058818548812,1676.9941791969513,42,18,2
52089875.0,,,1648940020.4833333,1648940050.5,1007.8605243872773,20.992323684833856,14.55044588284544,0.0,0.0,3.033333333333333,11.105955772622439,14.64002110073258,1007.6133333333333,75.67,0.014522023530777346,0.020784687727633817,59.578416531938466,61.78608286309565,57.33496509830853,1.214438059445957,72.52475232110906,42.08887399954196,1.4869728167340297,49.673720693440096,50.326279306559904,285.31991988824154,170.70629356759062,42,18,2
52563250.0,,,1648941919.3979933,1648941949.4949832,595.8501031058491,127.88074374081442,91.58334529000494,30.896321070234112,49.54525503189836,43.24414715719063,70.74953974412428,91.74373086171936,581.2261705685619,575.0919732441472,0.1668626933960132,0.2308209483796573,113.77184310564948,178.07570574469025,65.00659966735138,26.27186269945558,5169.235512222842,5590.255980428566,1.3088231222716358,48.861535106363455,51.138464893636545,13771.180391677466,3011.688899026059,42,18,2
54183750.0,,,1648948420.638796,1648948450.735786,995.8916125423248,38.78222094834339,28.28443163681156,0.7424749163879598,2.736771465868456,7.725752508361204,28.262676682697442,28.39890758312708,996.8896321070234,158.2541806020067,0.028699312797900726,0.03910951023202208,60.552408879903645,71.01655035493174,56.700305425503245,3.1428410968092373,582.7230218404576,728.796174234677,1.555418343379171,55.94912618997254,44.05087381002746,1754.034789671127,442.5155935959926,32,16,1
54357223.404255316,,,1648949116.6312056,1648949146.7340426,815.5447759390535,84.94156831053257,54.66617988502958,8.74468085106383,17.073683765583972,15.124113475177305,33.60655218502402,54.93001550966392,808.7396572104019,369.9414893617021,0.08465018341466901,0.1270934699181355,80.6984638780495,105.69161836888051,58.20496967993025,11.80098628679678,3540.615048627367,2881.383430271934,4.098741198688161,66.8827395217798,33.1172604782202,9190.948189287126,2768.949710387825,32,16,1
67956750.0,,,1649003677.5652175,1649003707.6622074,757.3834842357286,14.931853773657659,12.216579059113952,0.0,0.0,1.6956521739130435,4.593159636285846,12.237583258581253,757.8127090301003,58.274247491638796,0.016168223028243688,0.019758239293430263,79.27756931772494,82.78044461193835,76.59860339913938,1.5558098283875288,42.82133700911588,36.1899097682819,1.22893639383739,51.09738239397887,48.90261760602114,150.52207207367562,71.51082529627784,32,16,1
71235500.0,,,1649016831.8628762,1649016861.9598663,1017.2511259632698,22.036096831603246,21.229554887601214,0.14381270903010032,0.5354981943610707,10.247491638795987,37.92539369462447,21.264214568110333,1017.5083612040133,81.45484949832776,0.0208941246650589,0.021639914971796216,59.015696777619546,61.43335782089169,56.71222462252068,1.2529608492492426,70.05375848992247,91.32083283623835,0.7812464174695596,38.035277668305966,61.96472233169404,243.59556294961342,82.22097162345258,32,16,1
73976000.0,,,1649027826.6622074,1649027856.7591972,1020.5852612460559,22.855511933954354,16.429262803469832,0.0,0.0,5.240802675585284,19.534760421048045,16.490723302200514,1020.0836120401337,85.91638795986623,0.01614731891986689,0.0223814330367334,58.8257129144522,61.20970489660345,56.286748807373826,1.288392102912582,91.41812634623062,54.0870028628351,1.9133483932385564,56.48204407549946,43.51795592450054,276.6325004651507,131.12737125608504,32,16,1
54186750.0,,,1648948432.6789298,1648948462.7759197,997.3391673363564,38.827181510113675,28.532752598896593,0.782608695652174,2.8854150927729525,7.946488294314381,29.117850438920673,28.64561496289222,998.2675585284281,158.06688963210703,0.028920024069807898,0.0391173832821527,60.464464047452694,70.9208650603218,56.629571480837505,3.14119599206931,584.8899048006678,729.6892542865949,1.562940775982787,56.09337623579775,43.90662376420225,1751.9805507498575,437.40139166259513,32,16,1
54415000.0,,,1648949348.381271,1648949378.4782608,972.7337147537537,27.28126369557037,18.015337657607446,0.18394648829431437,0.6520091602550374,6.682274247491639,23.70952191791772,18.104523201522227,973.4648829431438,97.5752508361204,0.018583194080961943,0.028146147973091718,61.77344069314404,65.15632559322526,58.876413062928215,1.729258879076336,141.8229332799961,61.3914040890275,2.3903305169708338,63.68552773749538,36.31447226250461,465.74892135825417,262.53458398923055,32,16,1
71253250.0,,,1649016903.0,1649016933.0802677,1018.5000278108339,23.275237274586893,21.236417076952684,0.0903010033444816,0.3484930775900676,10.602006688963211,39.50517053861535,21.289745396412663,1018.2073578595317,86.40133779264214,0.02087218317696097,0.022777217437908316,58.957289029392776,61.386726133879726,56.441140757485975,1.3106580052001604,83.49249671022008,92.74930314723599,0.859430854403394,38.129893202150576,61.870106797849424,297.2239459535744,120.98214609611826,32,16,1
73992250.0,,,1649027891.8795986,1649027921.9765887,1023.6235812191583,23.079687349909047,17.168351837312077,0.0,0.0,5.759197324414716,21.530491680993354,17.22585993604194,1022.6789297658863,86.8361204013378,0.01681370015677722,0.022529271064552173,58.65275497808138,60.98025196231364,56.04844833941518,1.2905653744597776,89.57169073589769,60.37282108604697,1.568833944830184,54.37503330049335,45.62496669950665,284.0355398828785,134.09102806093384,32,16,1
74016000.0,,,1649027987.0802677,1649028017.173913,1024.2804379251156,20.911576823593897,17.649053844027186,0.0903010033444816,0.3439765981572002,6.224080267558528,23.29080247140448,17.68763193768241,1024.056856187291,78.54515050167224,0.017244410304111637,0.020380997470345667,58.60935811292123,60.752366842624866,56.29375646330175,1.1685375495764514,76.71561296164396,65.02618306050626,1.1565706591925502,49.529990596193194,50.470009403806806,223.67962987537655,81.93783385322637,32,16,1
74560250.0,,,1649030170.6287625,1649030200.7257526,994.4767085194534,50.8519983108485,25.71725358722178,0.882943143812709,3.0209491959770216,8.80267558528428,32.32829374543223,26.045505662981494,995.4648829431438,195.08695652173913,0.027084149456075346,0.05312461075109275,60.94686194702548,72.07540929190809,55.72711199283251,3.810180900963144,493.91789507133285,412.0890380502696,2.7182721072086813,63.09432400213886,36.905675997861145,2063.539865235517,1157.5329321139145,32,16,1
75983375.0,,,1649035874.5,1649035904.5,901.1691927812409,53.59313460736375,23.04996193730326,1.6633333333333333,5.654091132357518,9.996666666666666,34.529379588674736,23.433124624792335,900.5316666666666,189.32666666666665,0.025495697878787842,0.06055110737478505,68.13263907359102,75.92994884760138,61.14277376380914,4.124666605421056,555.5488543956565,173.74950998357244,3.6680835426138145,70.38701105488693,29.61298894511307,2293.273360803038,1563.9749964238088,27,18,2
75411000.0,,,1649033580.6789298,1649033610.7725751,970.7189405297352,21.170822018101738,21.067070041766318,0.09364548494983277,0.33321251462181,9.91304347826087,34.9803120417813,21.109793984633004,969.5150501672241,80.5351170568562,0.021737690786663315,0.02178103386011646,61.84338841466871,64.17854698856297,59.1145931745786,1.3132672266669307,50.104126624048824,116.34370453537474,0.4170898828483662,26.236105887692016,73.76389411230797,238.26734148871344,71.81951032928988,27,18,2
25728250.0,,,1612375164.1371238,1612375194.2307692,700.2294963078632,8.56687539779415,5.100004852157519,0.0,0.0,0.0,0.0,5.110826899205463,700.3461538461538,33.69565217391305,0.007297594690789231,0.012238735765931614,85.70273169363185,87.64423955776228,83.5326079342324,1.0353930659016428,26.81491293949878,5.269606977086954,5.206165224302583,79.2081623413626,20.791837658637395,55.27047998031448,23.185960063728743,27,7,5
28778250.0,,,1612387399.4214046,1612387429.5150502,806.0388560065476,78.87947373397951,48.01993456254466,2.9698996655518393,7.900014478079867,5.494983277591973,14.93895329890247,48.271436598096784,812.7725752508361,362.3706800445931,0.06232248510243703,0.10076763650249831,76.48788914073681,110.96269158786173,63.1756667608551,9.752770413798654,2478.018624379999,1835.793631411599,3.2495189495567542,63.812830740445975,36.18716925955401,6274.353845238949,1960.5415894473508,27,7,5
28965750.0,,,1612388151.6153846,1612388181.7090302,736.6315579720327,40.02713503394718,23.97495810616123,1.394648829431438,3.6130861819507327,4.993311036789297,13.2593308298161,24.072840855059628,737.304347826087,178.55518394648828,0.03270445534068435,0.05445765384765745,82.00702003518033,98.08055431249873,73.32138591276582,5.261559960938141,749.5327005305113,620.6743176052114,5.867396637783174,71.64163722214603,28.35836277785396,1803.1414453001053,432.9344271643827,27,7,5
48353750.0,,,1612465931.715719,1612465961.812709,888.6351635235003,36.66180890293969,16.650403211444267,0.3745819397993311,1.1975801834489663,5.304347826086956,17.071921765096405,16.822649387142256,889.6722408026756,130.02006688963212,0.01894329359325995,0.04130259315737677,67.75359594989304,73.13401563975845,63.09455757052487,2.781096474969382,288.8669919930497,62.15344538272868,4.87562656119163,79.08266624134528,20.91733375865473,957.3738593286215,606.3534219528432,18,1,2
50515750.0,,,1612474605.1438127,1612474635.2374582,981.1648966725429,17.777973346125695,11.93817040856066,0.0,0.0,1.411371237458194,5.014220606424505,11.984575037159813,982.6755852842809,66.23411371237458,0.012219094715727007,0.01813195610556454,61.178096939208174,63.42380064555565,59.26677775558804,1.0969296238017576,65.53799684360358,19.885254382454168,3.718937712762519,71.71844635072087,28.281553649279132,177.66976738148838,92.24651615543061,18,1,2
71682250.0,,,1612559522.5384614,1612559552.6354516,880.1088146206021,23.726933820714095,22.356967323818424,0.0903010033444816,0.2927545222426008,13.20401337792642,41.97156863706654,22.385581655132906,881.257525083612,91.61204013377926,0.025427789509019832,0.026923681681271246,68.23655012795517,72.16727594016798,65.00518814042907,1.818429151875941,104.71769444838658,86.58692259407556,1.139808293141495,45.908782620351936,54.091217379648064,333.02439886713086,141.7197818246687,16,0,4
65462250.0,,,1612534568.632107,1612534598.7257526,770.2237307275118,50.169325334324675,28.10011933614959,1.4882943143812708,4.047673996077355,6.1638795986622075,16.583201443355193,28.209344844836366,775.4046822742475,209.16722408026754,0.036771439979802825,0.0654517663874504,78.86934911502108,102.31119718859593,71.94825677841982,6.68249888550925,1183.0670854280281,1039.240023441918,4.020751781730907,71.45255677086992,28.547443229130074,2976.4829810264278,754.175872156482,16,0,4
84867000.0,,,1612612419.19398,1612612449.2876253,649.3810569965466,22.282470392581345,13.915442599168973,1.2307692307692308,2.7243891537850335,1.3244147157190636,2.9446020383052995,13.963761147603782,653.252508361204,110.68394648829431,0.021729994183456853,0.034643891911410596,92.65256682010613,106.6683542010953,87.50564341602477,3.614461383218798,143.3087990463282,159.41555022464814,4.072128644834281,70.05209922365442,29.947900776345577,538.4651390980891,235.74078982711276,10,20,10
15733125.0,,,1612683354.5,1612683384.5,798.2728371738976,60.24609066085684,34.09062227150275,1.16,3.496512055723449,9.126666666666667,26.760009296215134,34.27880710367525,791.6066666666667,241.24,0.04189069913741641,0.07454819152958381,75.8998760962163,84.68244721294646,65.31163545625346,4.992964194501616,1466.751252764093,390.7986198793813,5.393255272699215,74.1490363273528,25.85096367264719,3047.8537115770346,1190.3038389335604,50,10,6
15643625.0,,,1612682996.5,1612683026.5,875.1258906517318,71.93014850988787,42.11511664960747,2.1333333333333333,7.316361798846472,9.993333333333334,32.168945893000355,42.38433886193204,875.0866666666667,296.76,0.048224102912682816,0.08271376243235384,69.7150263622623,87.60278386693913,59.917477287733526,6.238157797845375,2409.6111244010563,1178.0280378283514,4.014626509098161,68.88319271054704,31.11680728945297,5350.312181252677,1762.6730190232702,50,10,6
45833875.0,,,1612803787.5,1612803817.5,600.7989782436414,14.862905239122465,8.296382065750413,0.10333333333333333,0.2003519356460533,0.3,0.6540332672343617,8.323184914995664,600.4466666666667,58.84,0.01386542556535242,0.024716575037845814,100.19399610964248,105.27682252986305,95.34707489921796,2.4526468248950746,77.89548553739762,15.223992710926646,6.5853828298778625,81.5703905425948,18.4296094574052,190.70157556479282,97.58209731646855,29,19,7
55693875.0,,,1612843235.5,1612843265.5,649.9531879391536,28.79692449767451,20.62859208145832,2.12,4.387952965358923,4.373333333333333,10.238489934798384,20.684238970251492,652.99,144.6,0.03302365292640652,0.04488894843350558,93.74462128703378,112.18238829869125,86.779522433009,4.6139798841234825,242.90208367591754,171.42945387043133,3.5257594362420424,67.26399381168287,32.73600618831714,660.9494315092372,246.6178939628884,17,19,9
74912125.0,,,1612920127.5,1612920157.5,1028.519821500849,29.81640747121842,22.691171146818167,0.44,1.696162723481564,8.47,32.40968702258557,22.799321037658903,1028.95,111.74666666666667,0.02211519883023231,0.02887246654203147,58.435138364642576,61.9317287000687,55.570732277132265,1.6535780744271598,198.41603612318093,88.12186339971166,2.221569890367332,57.86349580019878,42.13650419980122,677.6628760661703,391.12497654327757,20,27,12
25847959.649122808,,,1620842532.3964913,1620842562.4842105,693.2852310189547,136.57237608787779,105.16570035572646,6.943859649122807,24.074619342872698,8.263157894736842,27.900462457779373,105.79559042696785,670.2190058479533,579.9192982456141,0.13861324912242967,0.17857349025011754,92.6303377616297,128.6485353078909,65.95279466423702,14.49616910072058,11157.14308436206,8627.36662915249,3.534477380281583,66.68355641734601,33.31644358265399,23029.902582216368,3245.392868701815,14,4,5
25323490.625,,,1620840432.9625,1620840462.9625,674.6438613142549,177.05973504655287,134.19587018643927,11.491666666666667,37.686604765011026,12.65,40.972539810330545,135.05652033376484,623.0498611111111,794.975,0.19047814123240975,0.24952066052356583,96.4902685460654,137.51308232294468,53.150129089046985,18.274015677922698,10205.638362326772,6650.323006513129,2.894246549865819,60.67380999968334,39.32619000031665,22697.180489368497,5841.219120528597,14,4,5
31467375.0,,,1620865029.5,1620865059.5,639.7666106998175,38.852588228853044,31.34960422931542,5.153333333333333,11.373272503190154,5.6433333333333335,12.454190662651438,31.400785453365344,640.01,221.59,0.049257192285696604,0.06080246434915388,94.32282286972814,114.05448337085555,79.81925846197863,5.89098996347367,459.2971099317723,577.1687409886194,2.8354366456936178,58.84694823369927,41.15305176630072,1360.23259483103,323.7667439106383,12,4,3
