0,1,2,3,4,5,6,7,8,9,10,11,12,13,14,15,16,17,18,19,20,21,22,23,24,25
27207750.0,1614194640.0,1614194670.0,647.511999362796,33.19787275040409,14.291535796957485,0.6578073089700996,1.5098303279267837,4.32890365448505,10.140082494098339,14.361302399034974,645.8870431893688,125.2358803986711,0.02211191293272371,0.05123500048336854,93.14235407657775,100.76529282257464,83.42671711585346,4.62450433872353,448.89253519531735,88.06245942997472,6.554000768444562,81.73998763913038,18.260012360869613,930.45702682621,393.5020322009178
27252000.0,1614194817.0,1614194847.0,698.3371802541981,25.204240739648935,12.399016715285228,0.12292358803986711,0.29793043135215785,3.568106312292359,8.862675320509299,12.455069441388943,697.687707641196,98.37873754152824,0.017919990718464666,0.03648819368804304,86.2237828053173,91.8235001834142,79.67338240342036,3.1208822094155337,239.1734655198018,54.84912678066499,4.618205284381972,76.05823868493003,23.941761315069975,536.8996338054544,242.8770415049876
29144250.0,1614202389.0,1614202419.0,900.6787484495264,89.39628724207314,44.65278915893458,5.511627906976744,17.926607785511088,17.056478405315616,55.51405547591555,44.84409120195596,913.0033222591362,337.66112956810633,0.049956249802135234,0.0994454330964446,67.49051866597566,88.32937846101048,57.59961893531316,7.535794876774506,2566.1782396845624,807.9914570410671,3.9720913612107216,73.18253470681672,26.817465293183265,5418.348241723116,2044.1785449974866
60743750.0,1614328827.0,1614328857.0,589.869635684331,29.559672171402568,12.480691053160216,0.37209302325581395,0.8157077643771704,3.4485049833887045,7.456810721087347,12.540489142827804,588.3521594684386,122.1328903654485,0.020839679247617416,0.04948595991753385,102.39851458583078,115.42414653942492,92.71868209036103,5.275848563062419,492.2426481435206,213.41913884706196,6.6916012883074,80.13345398860923,19.86654601139076,1064.6969605090183,359.0351735184357
15727875.0,1616799514.69,1616799544.7833333,803.499222249594,29.628930781517422,21.99956506067905,1.1566666666666667,2.9982280232717495,3.5566666666666666,10.072357197640674,22.054956623150126,807.8233333333334,133.54,0.028319923982373516,0.03826620623650194,75.19476587314949,92.68775886698045,71.64572992777966,4.091553733442579,419.2737732431364,570.3597694879072,1.3727728413577298,49.41133378796309,50.588666212036905,1322.3457626160673,332.7122198850238
16173625.0,1616801302.1033332,1616801332.2,773.3596598295809,19.151232608176095,13.108858377603141,0.36,0.9361466729887783,0.9033333333333333,2.4165357478050975,13.141021274469747,776.3,86.75666666666666,0.01741558666469584,0.025393613300356742,77.84329915513408,89.35708402682606,75.14431361873574,2.7457538792785203,204.92170884023838,263.3296144287676,3.1770509018919837,64.92473921001847,35.075260789981535,640.690693143728,172.43936987472202
15224375.0,1616797495.8866668,1616797525.9833333,758.9826574919825,23.110386524093652,16.923329306481197,0.8,2.08074239653187,1.08,2.848688914478388,16.96934291842824,762.2333333333333,108.91,0.022890721024257762,0.03111018664966524,79.38635906246013,96.14640472020798,76.50087018471046,3.6669392550600675,290.49285476193563,424.619255883164,2.3224783834644813,63.030521360662945,36.969478639337055,877.8332261259031,162.72111548080352
15688750.0,1616799358.0,1616799388.0,800.9680508328632,33.97292639967654,27.04696487378683,1.627906976744186,4.48123697797129,3.1561461794019934,8.909341508160717,27.109662164289222,807.8870431893688,158.62126245847176,0.03479887737794485,0.04366227225950714,75.46693141707684,97.74050351387652,71.77179722745672,4.968727879078122,531.4862062862605,848.9013034459432,1.0779690536359026,46.745593070570365,53.25440692942963,1674.2075213650683,293.8200116328644
15855625.0,1616800027.0133333,1616800057.11,773.2052061045284,24.807773945479447,14.341201582640636,0.72,1.8685021053442108,1.2333333333333334,3.2567987696470673,14.40736919757059,774.8866666666667,110.12,0.01909795496547161,0.032738498201559975,77.90075061289618,90.87350795952862,73.82657210963234,3.3714768007518208,221.82179378068298,364.66103842605423,4.114286073409025,70.8684601610031,29.131539838996904,875.9920745619341,289.5092423551972
16110000.0,1616801047.0,1616801077.0,758.899926784631,39.168672755813695,26.12608784185267,2.0199335548172757,5.110105904750628,3.043189368770764,7.808338968389549,26.20446911499121,768.9136212624585,174.77408637873754,0.035758534337697,0.05360198888317285,79.9492646382726,106.69281059870875,75.00613846314096,6.427322382655133,730.8719217478973,1079.2699565483185,2.696973530548262,59.16233319190285,40.837666808097154,2513.4555052545115,703.3136269582957
18026125.0,1616808731.6633334,1616808761.7566667,681.4821049977942,8.171074236177764,4.979681227766211,0.0,0.0,0.09333333333333334,0.22886178861788617,4.994667023548126,680.8733333333333,33.306666666666665,0.007322715917205382,0.011988020015865125,88.06303802409066,90.00964833382969,85.7421315257841,1.0384501660758072,17.881367839079854,4.579875709379946,4.333598852952695,77.97051459434157,22.029485405658427,51.04968776950677,28.588444221046963
35871750.0,1616880290.0,1616880320.0,816.5908679061795,27.267691424589586,16.90676470979087,0.7242524916943521,2.0867774559389494,2.946843853820598,8.817353611928182,16.988349741866195,813.3073089700997,106.68770764119601,0.02082745409683513,0.03320002218117917,73.6633749002174,77.24729905155073,68.2843460823911,2.28636303357269,260.5109664688334,103.00615312237015,2.3131311478594245,60.86837914665503,39.13162085334498,699.6294915775958,336.11237198639213
35845875.0,1616880186.2533333,1616880216.3466666,813.7323220806861,20.002051301511237,15.77087404016087,0.66,1.8861876914508495,1.97,5.861397792597858,15.815484708605114,811.1216666666667,84.50333333333333,0.019464521234195377,0.024627824706377078,73.85320980810097,76.58077673526195,69.43804292038098,1.6904779746704164,188.7752861374324,91.73198058521494,1.4079629415143995,54.265870698745424,45.73412930125458,401.8484281077135,121.34116138506613
35973250.0,1616880697.0,1616880727.0,870.4097695267186,36.91706666064181,17.175319584166704,0.2823920265780731,0.9250230157181032,6.578073089700997,20.92992316545081,17.319380652037577,872.0,126.99667774086379,0.019799254678806492,0.04254170957476545,69.23839269354285,74.44077469343105,64.32830774844301,2.9235462611066434,260.75819444230484,93.23959928577497,3.2975686040591703,66.6672326088729,33.33276739112711,1063.757894082284,709.7601003542043
17363500.0,1616806075.0,1616806105.0,727.2533805831526,23.72970889973396,16.251900852070122,1.1096345514950166,2.5645646836967884,1.4451827242524917,3.4331123069218026,16.302182540795105,730.2890365448505,106.15282392026577,0.023459189052264184,0.0337403616008423,82.96039020999552,97.41563653259871,78.88080057153671,3.722847749106145,190.7204248249394,375.7992439146718,2.091713465018706,61.35160649630875,38.648393503691246,799.9569751066921,233.43730636708085
18052375.0,1616808837.0133333,1616808867.1066666,681.8609876743285,8.875683510084933,6.831285916427026,0.28,0.6691831204026326,0.37333333333333335,0.8980449090205188,6.846131742577603,681.5933333333334,42.06666666666667,0.010082285776714462,0.013038530003515,88.01995486862315,90.81681832779925,85.32671018039828,1.1382800775614585,18.496292891697838,7.633028939991541,4.032641614734166,73.94494473268406,26.05505526731592,54.127227677476824,27.99790584578745
18737500.0,1616811584.0,1616811614.0,763.6213433637183,46.45024033014236,19.332190212381242,1.3388704318936877,3.6450316849038127,4.79734219269103,13.176114874048816,19.523054643877604,765.0531561461794,171.13621262458472,0.02553574256269736,0.06106098162823903,78.98540754918353,88.10912652677698,70.37033797394973,4.781312394627747,305.10464566114115,153.52269413109107,3.057591639362147,68.88639269321749,31.113607306782505,1583.7650751618876,1125.137735369655
18904375.0,1616812253.15,1616812283.2466667,767.8497799426825,62.94900093025991,28.723111120899162,2.6466666666666665,6.531117730130109,8.923333333333334,24.41094574404537,28.98840662215442,770.9516666666667,253.32333333333332,0.039283986275923784,0.08413382180788402,79.43566846485595,99.51815232770939,67.71733886259496,7.559882325214446,1294.8861002387362,550.5845162421951,3.036303439791764,69.55275541227607,30.447244587723937,3392.7324110816744,1547.2617946007435
36032625.0,1616880934.94,1616880965.0333333,886.0495022306533,51.247831532713654,25.233401075135873,1.6333333333333333,5.08669277120293,7.71,25.065623579096474,25.487466008039043,888.5816666666667,189.50666666666666,0.029100564796540117,0.05822777415159752,68.23437692391776,76.8587342692597,61.49116358123664,4.009427804749683,477.11629502547595,193.04759625923262,3.075268618430241,64.07749087922132,35.922509120778685,1916.8570710090944,1246.6931797243856
36206875.0,1616881633.5,1616881663.55,806.5618173867144,20.828759551201788,18.33012670653262,0.36666666666666664,1.0354497354497354,2.28,6.624112271171095,18.363005221870115,808.4066666666666,96.53333333333333,0.023060876905119217,0.02617521096156504,74.66488928274367,87.52697825133951,71.68620334106237,2.9873466675779894,218.513083394838,443.4952807213827,1.2422328679203898,49.971443774342,50.028556225658,775.0741272189986,113.06576310277791
35872000.0,1616880291.0,1616880321.0,816.6201037865782,27.420683097753304,16.931553693249622,0.7275747508305648,2.096548806339575,2.9601328903654487,8.856439013530684,17.013834736985157,813.28073089701,107.08637873754152,0.02085789004416337,0.03338460054589905,73.66189631269046,77.26332729215306,68.26619726236939,2.2989962533909343,262.024311069618,103.27885434639064,2.3217952166530536,60.91092364622082,39.089076353779184,707.0833536722241,341.7801882562155
41395190.239043824,1616902439.2031872,1616902469.318725,840.546706099288,204.34065090290258,159.3163188780245,18.45816733067729,60.09499466816706,23.50996015936255,76.12278988720156,159.9030234152774,852.8789840637451,843.7556440903054,0.1936481960766578,0.24663529035183013,78.26466192652573,148.18986237717974,49.02823487719113,23.180635798098727,11229.135219775086,12260.033527081663,1.0301283786608721,46.20730910638225,53.79269089361775,30277.85525462693,6788.686507770184
42831625.0,1616908201.1366668,1616908231.2333333,810.2927112561478,20.60418589415374,18.313597956420335,0.8933333333333333,2.5118025588613824,1.97,5.6417053799406744,18.345358791300598,812.0566666666666,107.24333333333334,0.022920103241356186,0.025760093164029812,74.27001638184048,85.35486731697493,70.4995482310241,2.665144187639327,305.5348963827786,392.8189994262907,0.828537656451122,38.9994735445516,61.000526455448416,771.2397401411146,72.88584433204537
41286875.0,1616902004.8866668,1616902034.98,916.6811778362018,76.3204353487162,23.13471161318174,1.0666666666666667,3.4925546181664093,10.926666666666666,36.52028483205022,23.68490118756745,922.7066666666667,240.94333333333333,0.025882418509739442,0.08480433029535592,66.20688344306917,76.09534025125872,57.97231478393746,5.749320035063284,949.0473131060422,188.20124434720228,5.384047964973245,76.21161464477211,23.788385355227888,4129.272123320073,2992.0235658668284
41336500.0,1616902204.0,1616902234.0,904.285125830744,90.47508042420057,43.46355070796366,4.4485049833887045,13.87229593317033,12.883720930232558,41.67726339497727,43.94362098283952,911.828073089701,335.83720930232556,0.0491274772206386,0.10160087512868134,67.42646972776694,86.75433280245421,57.12639487152099,7.490741735883387,1419.025864389253,1007.9231679852943,3.57833314988194,67.12607608968658,32.87392391031342,5763.766144711925,3336.817112337378
43347625.0,1616910270.2366667,1616910300.3333333,793.8986110743953,33.85130051745853,25.496833737238582,1.3566666666666667,3.8311617193970133,2.56,7.278555470099588,25.56140063926735,798.4233333333333,166.68,0.03259030802578073,0.04314535284062445,76.02864557179679,96.74725579114194,70.72652422527187,4.798835534066267,509.5225350527143,733.4534351041237,1.844589874511275,53.63221088542684,46.367789114573156,1532.2627779654279,289.28680780858974
60307250.0,1616978280.0,1616978310.0,788.6084674296683,51.090874337044866,15.113394738589722,0.0,0.0,4.920265780730897,13.961512228074668,15.3390165390767,795.578073089701,162.8970099667774,0.01942804185101893,0.06507800437897249,76.49726225154895,85.64489732434858,69.43654011799812,5.036725397019848,454.512062677791,91.2428055437873,5.713070453335092,80.35100944518439,19.648990554815615,1967.7305529289251,1421.9756847073468
60161000.0,1616977694.0,1616977724.0,781.4597362841276,27.460462002861263,14.563045196988229,0.28903654485049834,0.7718332075737215,4.142857142857143,11.53510495929471,14.630505339989114,785.78073089701,98.6843853820598,0.01878379682149075,0.035354719825229225,76.94438191314495,82.55576760442288,72.58269115494464,2.7490145272670046,177.84372624119027,80.05564249639795,3.538070986297421,63.267830710089115,36.73216928991088,596.9141438048266,339.0147750672385
62945250.0,1616988945.8247423,1616988982.9381444,662.0277047929367,222.58788111826948,145.83984794155532,39.65979381443299,70.79147484933493,51.27835051546392,90.28910398005628,146.18037165126233,629.6443298969073,985.2027491408935,0.2206081015560432,0.33213331281417857,102.95976810472378,183.7319210993795,47.9209838044598,32.711871835696186,14688.532038175968,11033.716649491818,1.6004557337442316,57.50377485275055,42.49622514724945,36626.68271349683,10904.434025829056
62956000.0,1616988999.0,1616989036.090909,944.2481449775461,348.70120300025025,182.51230317719975,25.363636363636363,80.1321836086957,28.0,88.78482973886808,184.43307834415293,925.3863636363636,1345.7272727272727,0.1938958521552398,0.36511433513579733,74.03234451847267,158.08612440191385,35.70453654200965,29.996372492914336,31193.072974228267,15296.849480703748,2.1641740684880713,67.17246314923311,32.82753685076688,70759.4858910324,24269.563436100376
49637375.0,1633376624.6,1633376654.6833334,1072.3909142739171,16.81568625605172,18.026938816080428,0.18,0.7224358974358974,6.83,26.97206293706294,18.055704445206928,1073.1133333333332,62.6,0.016839927447574517,0.015692093021942483,55.96660857319245,57.65346881397881,54.374297467159344,0.8639159589295445,40.91469664967514,55.076372614208765,0.7661422983465762,36.79347688092212,63.206523119077886,133.12308757187242,37.13201830798846
51396250.0,1633383666.0,1633383696.0,766.0132039530672,19.947042751274104,15.215871132009864,0.19933554817275748,0.5766141625969033,5.365448504983389,15.210861141402269,15.265788748650197,764.0066445182724,75.65448504983388,0.019758251050848975,0.025897127647786584,78.52466148120709,82.10061648350164,74.46944345566344,1.989444393790037,78.7506700707554,55.63594928083473,1.6322586809255615,55.071229521804476,44.92877047819553,296.7250817981896,162.33846244659944
80646250.0,1633500761.0,1633500791.0,751.9352077829881,11.421778080335546,8.000899253936392,0.0,0.0,0.46511627906976744,1.2600218414171902,8.017954136604532,753.1428571428571,44.079734219269106,0.010659461885845777,0.015230219327571333,79.86994821757004,82.4856290094424,77.74781628486593,1.2115622940756203,39.06547733128486,14.821157116931055,2.64106027725268,61.82265734832571,38.17734265167428,96.63730840634639,42.75067395813047
102834250.0,1633589586.0,1633589616.0,759.6807521632492,18.104147126083568,9.801385089655406,0.18272425249169436,0.4932848568099486,0.770764119601329,2.0885974776515077,9.845145194079494,760.5049833887043,73.2358803986711,0.012969074787807105,0.023855838978497957,79.0659967992221,82.70563436604974,75.21751117840773,1.8478097426821174,102.76713329193326,23.25488257625243,3.9551443800514554,74.76026022999383,25.23973977000616,264.934062565632,138.91204669744633
30305250.0,1601940860.0,1601940890.0,797.5790168349873,63.308651384193745,51.230476531085735,4.8604651162790695,13.390776333032797,6.425249169435216,17.748582020307847,51.338379729925286,812.4950166112957,313.7624584717608,0.06524792964057448,0.08114981089944158,76.51655486059583,113.52428474981453,66.95875667495524,9.091009650661304,1759.209883451331,2112.367509712836,0.9030770514333534,44.212020096431196,55.78797990356879,4670.29718612304,798.7197929588732
29075625.0,1601935934.15,1601935964.24,784.2651352243065,74.14870810763678,47.07371811213663,4.453333333333333,11.98918432772922,7.463333333333333,20.459745707578524,47.19571274513618,807.74,329.7266666666667,0.06154267974179604,0.09728082503902523,78.3956018173854,123.23234995221578,68.85566219124019,11.625388830233415,3438.511134911713,2578.8385749648737,1.1495710922621327,45.54137830799919,54.45862169200082,7240.930254601079,1223.5805447244932
30053375.0,1601939850.5633333,1601939880.6533334,810.2805234513352,45.09351900464331,36.161754995037334,1.4666666666666666,4.200796498470773,2.8666666666666667,8.280035169668647,36.2475918900618,811.6933333333334,208.45333333333335,0.04437431409158072,0.0549934532128777,74.7166545855378,96.06824687112265,69.27390489641019,5.114656282957402,1268.1675099206848,870.6314610332223,1.3908153809611217,44.57959046214114,55.42040953785886,2782.5101190069777,643.7111480530707
30244125.0,1601940614.8366666,1601940644.9266667,765.3196911681268,70.81027620436288,54.84623060331503,5.506666666666667,14.241495184921902,9.353333333333333,24.52451886046993,54.96086378785796,787.84,314.4116666666667,0.07358541251402781,0.09505117073219137,80.23300600071731,129.03901290461866,71.84700447365485,11.956113455642498,2024.1331664896209,3127.166539839146,0.7497848297427648,40.47170641616313,59.528293583836884,6073.322249322875,922.0225429941075
29087875.0,1601935983.3133333,1601936013.4033334,788.841193963948,71.18169445484922,48.43318108539701,4.3566666666666665,11.794184263534108,7.576666666666667,20.92827984221173,48.56050189519448,810.4333333333333,325.84,0.06295620461645385,0.09290537560177801,77.85901682380259,122.4979855865295,68.67492155875198,11.214807988965076,3051.9214215492234,2652.9391433446795,0.9517972143301029,41.21038762374382,58.78961237625618,6750.508002053208,1045.6474371593056
30280875.0,1601940762.3266666,1601940792.4166667,781.6746917840726,68.48670058648507,53.10045424389055,5.086666666666667,13.746660631490352,7.71,20.94803781498828,53.224508570590146,802.82,315.4,0.06908444929029722,0.08936748313254093,78.28195498974824,122.89627537517619,70.39400576757873,10.69968351716742,2040.6073220424396,2538.215861026224,0.8599062499640604,42.83427442790055,57.16572557209945,5525.814055424161,946.9908723554979
33462875.0,1601953509.5,1601953539.56,746.9682382060705,6.897639609708316,7.23551861820464,0.02666666666666667,0.06950067476383265,0.14666666666666667,0.3884582963530332,7.242989092525196,747.5933333333334,27.876666666666665,0.009700894779934228,0.009244131014939773,80.34027323485233,82.23160328098112,79.13009149231995,0.7473576697341816,11.951296711946524,11.637203362500056,1.4870753174422882,46.57570139915777,53.424298600842235,37.680086723526024,14.091586649079446
35200250.0,1601960470.0,1601960500.0,817.9611557443876,49.33164452495522,35.30439745897581,2.9667774086378738,7.731451359232315,5.096345514950166,13.942923720697815,35.42731944085382,826.8133997785161,210.91029900332225,0.045398481064194515,0.0638248796477265,74.65547983180784,95.33543292069724,66.24522880455926,6.724251769564416,1343.5533553262505,1681.5264943457664,1.1953958176254862,47.32532656940867,52.674673430591334,4120.605609537927,1095.5257598659095
30721125.0,1601942525.5,1601942555.5233333,763.0443712557117,77.11490684559318,60.28947806818034,7.25,18.805324014211728,9.953333333333333,26.189800424386622,60.39887580610652,791.7533333333333,355.54333333333335,0.08089333718309925,0.1039208615787483,80.67679993806718,135.83843394850575,70.78179565139423,12.94875861790834,2417.781619434801,3256.3715738979718,0.8177846586840308,41.215240882633765,58.78475911736624,6648.464717926045,974.3115245932703
33661875.0,1601954306.9766667,1601954337.07,697.1267411646618,44.40799731443674,36.969503260425775,4.36,10.081644079301316,5.503333333333333,12.827028667876611,37.018934451357275,709.89625,221.96,0.05441002247348005,0.06577918431676771,87.22824614725407,128.03047968533693,81.64621605165867,8.676415356722611,893.7218173486004,1365.6551945895922,0.8854747667110678,42.22167406511186,57.77832593488815,2676.8700671008387,417.4930551626466
55176125.0,1602040498.0866666,1602040528.1766667,770.0836843546666,24.171701700281428,20.426871083348313,1.1133333333333333,3.003780530096319,1.8766666666666667,5.097808059650165,20.464516740082253,775.14,121.12166666666667,0.026929783942710936,0.03196876335110172,78.25483692577014,95.23218288580695,75.2073390965045,3.673793803236014,362.45500989655994,510.4392016098984,1.2449011583507565,48.400769736167526,51.59923026383248,1074.9749454064658,202.08073390000771
60457625.0,1602061657.5033333,1602061687.5933332,855.3235195654019,14.868970597670007,10.751253973282761,0.0,0.0,1.21,3.7393233808674995,10.778531156835161,855.54,55.22666666666667,0.01260301668684152,0.01746008802651368,70.18408353089852,72.58901859262352,68.00408018813444,1.2181270170502119,39.1044442072022,20.82076712762787,1.7846358341790531,48.89580880852625,51.10419119147375,170.62159730078122,110.69638596595115
72641500.0,1602110471.0,1602110501.0,738.061616055088,55.969346245835816,38.90970783146326,4.1262458471760795,9.995454774419054,5.04983388704319,12.230836889165898,38.962324195966865,761.4318936877077,220.765780730897,0.05538317990153764,0.08033508065710529,83.4290337655504,122.8014198360146,76.36103716882779,10.713661795093552,2254.8081417488497,2441.2413310332718,1.141406000906748,49.013951753596224,50.98604824640378,5923.53976799802,1227.4902952158982
73805375.0,1602115133.9566667,1602115164.0466666,754.5666791105317,36.433708087189295,32.861469874529746,3.32,8.328823506754366,4.426666666666667,11.267249612302153,32.89846660234366,763.2133333333334,189.22833333333332,0.04469952001950781,0.04981633777755417,80.24869411240816,104.53504241130189,73.44979913631192,5.746408805461667,724.8944531371325,1022.3318644321536,0.6790409411575233,37.59098736646764,62.40901263353238,2119.569641142024,372.3433235727384
74425375.0,1602117618.0533333,1602117648.1466668,765.5405698056356,26.5889716726797,22.68584017563253,1.1166666666666667,3.0194581799844955,1.5666666666666667,4.249860763018657,22.725570027019597,769.16,133.25166666666667,0.029892398914920935,0.03502383352201114,78.6838110006077,95.6319761623681,74.85104307441277,3.808078452491206,332.5198944877647,536.4488939459931,1.245597164207328,49.10052137274749,50.89947862725251,1035.0831442106573,166.11435577689969
93723625.0,1602194937.2,1602194967.29,753.1553855636774,51.00724301115399,41.79367840398869,3.1366666666666667,8.170147591413674,5.12,13.431144216824277,41.86803146980616,764.0866666666667,267.32,0.05645637000603081,0.06905264782961563,80.82553949453215,125.06618797106654,72.95221008825285,9.344331107628369,1114.0264960623479,1884.2358431030534,0.825650912673464,39.91981142992898,60.080188570071016,3520.4019650257837,522.1396258603826
94065500.0,1602196307.0,1602196337.0,742.9985928961537,48.06874186059777,39.22583741637315,3.7209302325581395,9.542745438399852,4.774086378737541,12.281654573247208,39.29290879805442,752.9734219269103,250.58471760797343,0.053621887790312656,0.06557072462822021,81.60497893545507,114.60147460075008,73.74207374752955,7.4642283275221155,903.1503530802557,1333.971420617762,1.0914554678403943,46.22387244674063,53.77612755325937,2606.642323111406,369.5205494133875
100190750.0,1602220826.0,1602220856.0,456.20788392485133,100.41500485558002,78.33273933642353,31.089700996677742,47.672576942923,46.73421926910299,71.66855292398934,78.3987750177386,437.0772978959025,499.72093023255815,0.17096120624122776,0.21762770727207395,137.56265134632656,190.96390276179835,75.99162278880722,25.66646942087226,3243.4607657516785,3546.703877730872,0.9314920746161669,45.526178134902366,54.473821865097634,8560.60384457223,1770.4392010896793
95498000.0,1602202046.0,1602202076.0,787.9689667282695,31.47138598429018,26.820317666332237,1.495016611295681,4.068312253875342,2.9302325581395348,8.15765238900711,26.863536946419952,794.5847176079734,147.5747508305648,0.03483534105353004,0.04087741679416598,76.71930919941424,96.6038285040055,72.55588981813388,4.740088095820321,516.1074495359877,1000.4499544097968,1.8205658318258695,55.0601765603064,44.9398234396936,1823.401192082874,306.84378813708986
97566250.0,1602210323.0,1602210353.0,510.68120295708263,135.31923390452064,99.81942996935048,38.142857142857146,58.487432491944176,52.50498338870432,80.03531563173316,99.8900510085109,487.6112956810631,620.6954595791805,0.19305312558910442,0.262300507842466,126.27711439665431,194.46378319175287,66.72176214998353,30.512695007921526,5743.151757976804,6212.87003334052,1.0805184074386156,47.805927719832034,52.194072280167966,15094.866044422131,3138.8442531048076
97601250.0,1602210463.0,1602210493.0,507.00379502026914,131.64491980461898,102.01873260137243,39.61461794019934,60.04777488480944,54.84717607973422,82.60972254639223,102.08643569660947,486.38261351052057,599.1362126245847,0.1989882575410356,0.25705673232323817,126.82888966387543,194.44100346444296,68.50292276753243,30.374069754915187,4806.798742917599,6986.592420028697,0.8214966742786808,41.46279975725734,58.53720024274267,14542.14948298067,2748.7583200343743
97981656.56565657,1602211984.952862,1602212015.026936,514.8322271004574,147.4855173892565,108.04975458693397,35.56902356902357,59.13333076109973,51.872053872053876,83.8813416249303,108.32116962759211,487.1883277216611,678.6464646464647,0.20720872508736954,0.2798909642729086,127.70855799688704,192.97750013810668,63.37195249231528,30.585751319164597,6173.586045615651,6940.94220490544,1.0420410884253766,45.93946351642258,54.06053648357742,18544.566762693066,5430.0385121719755
98036250.0,1602212204.0,1602212234.0,486.7036091305373,117.55662849466846,87.73212738009484,35.73421926910299,51.93877499203363,54.20265780730897,78.74104660347726,87.7833902615032,463.0819490586933,543.9468438538206,0.18050960451117135,0.24098301511331863,130.24348656734026,195.60364787956692,71.222323026022,28.723125965558566,4466.971963604067,5284.030870026477,1.0303456513287361,45.20624780007213,54.79375219992786,11195.903443687374,1444.90061005683
98092500.0,1602212429.0,1602212459.0,507.92647233872424,136.8830717123105,101.18431365053446,36.79734219269103,56.202245428973264,50.667774086378735,76.79740367612408,101.25159234545502,482.6122923588039,612.7840531561462,0.19875491670136225,0.26861286224401654,127.60234711933775,194.18602281432635,66.03769522348425,31.182113630660226,6965.485624956073,6451.153652481837,1.2658702261009431,50.40318930171953,49.59681069828047,15186.710628360015,1770.0713509221064
98130250.0,1602212580.0,1602212610.0,595.2489073874123,172.72759466108272,119.63028175760788,33.61461794019934,60.500634636644456,46.0,80.75543193206293,120.26501330280531,562.3642303433,724.2081949058693,0.20309526520781362,0.28561903610436773,117.4260393177715,183.06276362517974,60.72826326152914,30.122869321463675,9605.962503388859,7600.650147096572,1.3722795235668848,50.16984760890149,49.83015239109851,24002.58576747743,6795.973116991995
98921938.03418803,1602215747.7521367,1602215777.7521367,694.9420232317138,194.6124929506837,144.3930924239313,34.44871794871795,72.65649560489761,42.27777777777778,86.49989687160728,145.05012550753156,669.284188034188,840.1282051282051,0.21528185803711372,0.2885883708745922,102.72744610957145,169.30622315145797,51.41609234643889,27.80588308767395,10079.1450978775,8888.30608813312,1.3210271548302632,50.4123637033377,49.58763629666231,25020.42239718515,6052.971211174525
98985000.0,1602216000.0,1602216030.0,836.8910772725259,216.48775245807457,166.79973839932103,27.91362126245847,75.67037799672808,34.85382059800664,89.61847392061479,167.57952483508456,817.6978959025471,870.2033222591363,0.2073588912075172,0.26471324473644464,88.14279284845864,142.28220911873652,47.64006042366646,22.853731039209364,11992.203331962235,10036.650083777562,1.3825949004822058,50.055684713203526,49.944315286796474,29438.122579270508,7409.269163530715
99051752.55972697,1602216267.8020477,1602216297.8737202,854.4744560379827,268.10863451668865,201.0559782596319,23.590443686006825,72.10154439222823,30.36518771331058,88.26255992815527,201.96987464128233,798.5906712172923,1096.0,0.23790253052863636,0.315544435641155,84.11603281555851,141.68045436913118,40.225599579217466,24.2673433153588,21513.89507734192,11847.347391530046,2.205305420526844,60.38366597781575,39.61633402218425,44365.57389702917,11004.33142815721
99087327.7972028,1602216410.3111887,1602216440.3111887,926.4656239633409,238.54608211800743,180.23557033394965,23.821678321678323,71.69926586918396,31.856643356643357,88.90762341000081,181.8222444799345,904.3053613053613,967.4615384615385,0.21096097308828235,0.27916749140633235,84.28675072755111,137.57116494011873,42.127259429528884,23.0329841605141,14955.274232320842,11158.774275610878,1.7767294051005522,57.04557051862046,42.95442948137954,34501.39911386028,8387.350605928561
99100728.66894197,1602216463.9146757,1602216493.9146757,855.4064070979496,207.4225092866918,160.4063037673636,26.313993174061434,69.02275185132734,35.27303754266212,86.97239894004687,161.60198882760096,837.537542662116,868.7986348122867,0.20175707359057773,0.2601697093368012,91.61886162677729,146.1764686990625,47.758193186294456,23.111848338501318,11770.46540861846,9308.516818050104,1.6223943862839052,54.48566643681276,45.514333563187236,27452.266989136606,6373.284762468041
17017375.0,1614762505.6033332,1614762535.6966667,609.1439284613012,4.984220674925725,6.620265139939568,0.18666666666666668,0.3996299722479186,0.37666666666666665,0.809596738273889,6.622021709620643,609.3,25.28,0.01087396102772045,0.008182022235816181,98.5091091569631,100.75168566663561,96.62114283677656,0.8029269294037724,1.8376505914035102,8.868467531523013,0.20951325731362577,16.23036430204965,83.76963569795035,13.396903872156905,2.690785749230381
17211250.0,1614763283.0,1614763313.0,619.3720257346174,5.377991642389773,5.76103755696446,0.0,0.0,0.0,0.0,5.765658351324919,619.6843853820598,23.083056478405314,0.009304553341514192,0.008686065443927752,96.89107531103285,98.63131482613109,95.02707756214419,0.8327432563143825,4.505801857228,4.518258670468079,1.259948486259641,46.7467314743389,53.2532685256611,19.118331433869958,10.09427090617388
17340250.0,1614763800.0,1614763830.0,611.4737297711504,6.150586915419198,6.957972761334546,0.27906976744186046,0.6048294153622984,0.27906976744186046,0.6048294153622984,6.961673437432954,611.4717607973422,29.767441860465116,0.011392586566327518,0.010067821945738105,98.13940628789908,101.45261289938239,96.39277197487354,1.014886063788217,8.492224658743108,13.265194948665597,1.1665623193545014,42.701485697421674,57.29851430257831,29.558128640994024,7.800709033585321
23879500.0,1614790012.0,1614790042.0,569.1419126464795,13.908610400512547,21.222197689353944,2.9335548172757475,5.916605180278092,4.827242524916944,9.735925267116812,21.227848720503747,570.0764119601329,106.6312292358804,0.03725203693067818,0.024408032126016117,105.51058230989231,118.15049484087777,97.57762889391597,2.6832738861896828,12.178945172825747,50.31566756778373,0.35210547501352163,21.086974045053047,78.91302595494696,75.6068668970529,13.112254156443433
23947625.0,1614790284.84,1614790314.9333334,569.7387221488596,16.682054270125537,20.56588743929736,4.163333333333333,8.387534680538884,5.916666666666667,11.918918233960252,20.5748525292729,570.7466666666667,87.82333333333334,0.03619436076307012,0.029322385270605343,105.46335164385525,116.00196658516421,98.80255131321508,3.2647696875508134,39.28157886496563,102.91586171065711,3.72148938769511,51.138610613003,48.861389386997004,195.04937002625647,52.85192945063375
25209000.0,1614795341.0,1614795371.0,579.2037654929081,4.223141514747519,3.769680716315553,0.0,0.0,0.0,0.0,3.7728556319238415,578.6345514950166,16.159468438538205,0.0065057147660066384,0.007267856634264709,103.60995849471296,104.90353798478118,102.04439076661676,0.7408277740426484,4.769476560652858,1.5395838352281723,2.7925988145182967,66.01555930974125,33.98444069025874,15.713704969669182,9.404644573788152
40315125.0,1614855895.6833334,1614855925.7766666,595.1527607709751,4.347923186431773,4.650739496458305,0.0,0.0,0.0,0.0,4.652921968743885,595.14,18.28,0.00781628688235291,0.00730279398063475,100.82229640480364,102.35189684943913,99.25897254679163,0.7285203516183673,2.908542349505664,2.55080269246787,1.2860874963517217,49.20089513025997,50.79910486974003,12.62127646933603,7.161931427362494
22387375.0,1610807447.2233334,1610807477.3166666,652.388528453754,42.91235797830662,36.7570379745542,6.213333333333333,13.177595075188831,14.786666666666667,32.87374924047154,36.79989054576078,664.1533333333333,192.28333333333333,0.05794394708875146,0.06853723977088375,93.22736309747336,120.78476662457135,83.00297125721576,8.090167664491709,806.7695330391527,1032.692339717144,1.053904707202832,42.77092287412879,57.229077125871214,2636.0504477211707,796.588574964874
22241625.0,1610806862.7433333,1610806892.8366666,653.577316081074,42.512208510021644,29.308875500197313,4.61,10.068638431488584,8.313333333333333,18.51127662073088,29.3536280654638,659.5266666666666,188.4,0.04548772812916032,0.0656112175229309,92.77883607182085,118.54387035570561,83.53913185868942,7.4308706896463965,873.418961297439,886.9857877735537,5.543486662610437,67.7340604675657,32.265939532434295,2439.742914835145,679.3381657641522
22048625.0,1610806089.0866666,1610806119.1833334,655.1908310038976,16.81513530910937,17.32381813047698,1.92,4.526620839298094,7.323333333333333,17.2173471882207,17.34125484083359,654.2,71.70333333333333,0.026298731393120677,0.025558089017995875,91.66750286241916,96.37521083657786,86.45763363441844,2.3031659211002267,59.673219112824896,38.88834406584153,3.3502839877019412,63.78425876900282,36.21574123099717,173.4421217933409,74.88055861467444
22333875.0,1610807232.51,1610807262.6033332,638.1047348083666,56.11633815104571,39.12295752198065,5.783333333333333,12.389435229851717,9.05,19.714626558023824,39.18052896826711,655.8833333333333,251.46833333333333,0.06260445049483185,0.09008861483370559,95.80698300153341,139.6896783458165,83.95438741379728,11.9299967756842,1514.3809117386677,1719.8445087322327,1.6995098092872767,52.04622005217191,47.95377994782809,4328.123309767052,1093.8978892961518
23310500.0,1610811148.0,1610811178.0,616.0845200371632,45.745003282974004,32.87462115084141,6.880398671096345,13.220307254331788,9.548172757475083,18.674950580476928,32.91273704583795,631.202242524917,198.65116279069767,0.05571219761211132,0.07788641836217029,99.1424765040762,138.46102960484657,89.15916533560657,10.57146289191679,979.5444154726513,1388.2722860355143,2.473069912752089,56.09825828101285,43.90174171898715,3179.047795228853,811.231093720688
23421875.0,1610811594.5,1610811624.5,656.3520987814612,49.15348785604062,43.65481359614302,8.673333333333334,19.674220155920768,14.14,32.23061942967504,43.70842995191044,664.8866666666667,258.03333333333336,0.06686028723306725,0.07562662549459269,92.47460207408277,130.09784021586867,80.47853148603005,9.015399427080832,751.1566651977702,1213.956738852174,1.1264925832848507,42.76629193827998,57.23370806172002,2422.1726352238666,457.0592311739226
23543375.0,1610812081.5633333,1610812111.66,664.621282819601,14.501772570455568,16.807638656991234,1.29,3.065943869999457,6.16,14.658700624809528,16.819292963180317,663.4133333333333,66.25666666666666,0.025231583928102198,0.021775231422220376,90.35612898976571,94.61526308695274,85.65423304505535,1.934060267863101,39.494194551394465,36.10603459307239,1.6507473782082487,54.178811912467225,45.82118808753278,115.07311041494458,39.472881270477714
23679375.0,1610812626.9166667,1610812657.01,647.142330681265,12.924363197122045,12.939058961911494,0.9066666666666666,2.0690822958264814,2.9566666666666666,6.775248050829446,12.949635998671623,646.1533333333333,64.46666666666667,0.020036849497104645,0.02000454836302282,92.77026046002088,96.4169769343335,87.46236609853032,1.7959998254270892,36.928974567923866,31.354989351832337,2.984107215453832,64.8937976248286,35.10620237517141,106.77240620118808,38.48844228143188
23786875.0,1610813057.89,1610813087.9866667,585.6096341473148,99.04820917476027,73.81337488905231,19.113333333333333,36.73705111196035,22.94,44.05117326495478,73.8906870252377,607.3919444444443,503.50166666666667,0.12714499117151185,0.17036048182447644,106.55785760404383,176.9954528158742,73.7760151205469,21.383632160175438,3433.2288049050817,4020.132335760955,0.8980494983903475,45.12684908959428,54.87315091040573,9053.822096236774,1600.4609555707375
41338375.0,1610883420.5,1610883450.5533333,681.2606596826713,62.760589027778536,58.763026564979455,11.6,27.490511219049033,19.583333333333332,46.824602545597074,58.81769860786837,693.845,281.46,0.08790582453774255,0.0951436505931456,90.11614211111458,131.52664615027447,76.62568530673644,11.654763300909014,1466.4606486794216,2269.072891404218,0.5440180580654326,32.82463044425976,67.17536955574025,4332.527945446569,596.9944053629299
45531500.0,1610900230.0,1610900260.0,784.4207292660636,34.799675115820044,28.514528231719762,2.564784053156146,7.204068891581106,6.01328903654485,16.980278445415298,28.573671271349944,782.1495016611295,161.7940199335548,0.03656553495010385,0.044391033682815835,76.76817433393286,83.3541966224447,68.19236516418114,3.2558357643352047,286.2478571581674,244.0969220573132,3.8763004160173944,61.7098564849019,38.290143515098094,822.4253935322173,292.0806143167368
46800375.0,1610905316.52,1610905346.6133332,712.098933620229,39.42741741435828,20.892965671223465,0.93,2.4384396048067423,8.7,22.34522721886516,20.992247819197104,709.4533333333334,149.83,0.029276027458159673,0.055050466289055904,84.68425974777682,92.63478831734545,75.68804555643449,4.499704780805321,332.6915337470463,89.32666283296125,4.801579352642912,77.26363489786704,22.736365102132968,1417.867154072362,995.8489574923541
46985000.0,1610906056.9601328,1610906087.0,660.0531350747685,10.614042668398367,13.708897553689393,0.0,0.0,4.152823920265781,9.764373779812958,13.714168382242038,660.9069767441861,43.25581395348837,0.02077162103347158,0.016060563876779003,90.93216727477206,93.92718236617756,87.99752656858777,1.4432598944670092,17.048382013835838,8.189634084461526,1.8984290572836258,59.24244222661144,40.75755777338856,47.15479502451734,21.916778926219973
82549625.0,1611048636.5766666,1611048666.67,662.9215085533867,27.63026984188824,41.119301436453654,8.546666666666667,20.649530574656964,20.566666666666666,49.36401662920181,41.1386954742332,664.42,118.30666666666667,0.061113441820283707,0.041348690550537005,90.84501448009154,100.00981032482194,83.73137986101884,3.734976811669576,36.41385953008321,140.0746272353007,0.9892842146928758,31.657845697798304,68.34215430220169,257.0828683474311,80.59438158204719
84929567.79661018,1611058177.7864406,1611058207.8847458,552.7924127851347,164.40516953116918,121.2173871282936,36.43728813559322,64.38795779404941,46.9593220338983,82.05888881257054,121.55321235605184,516.5285310734464,738.728813559322,0.21285925546061318,0.2815672550137957,119.94511241506784,186.51233568291906,60.683954048975096,29.018494282092632,9687.302778998417,8617.449862220425,0.9966703780843208,44.56902771870864,55.43097228129136,24046.968859253648,5742.216218034805
86293875.0,1611063647.3266666,1611063677.42,686.9192790663758,35.0040237996624,23.336403484994726,1.4833333333333334,3.5420031575202198,3.82,9.453019848581391,23.42489867079101,688.6133333333333,173.1,0.03447944770094251,0.0514057583384257,88.12555456432574,114.03140593880268,81.11063186823623,5.947344493605427,377.98692608963535,468.27269283186604,4.553435375418368,69.27960527321913,30.720394726780867,1243.133448345071,396.8738294235696
86045375.0,1611062650.9933333,1611062681.0866666,754.2431867900289,13.218644072319856,11.176010893849332,0.0,0.0,1.1533333333333333,3.1283840231208657,11.190905666251874,753.8533333333334,51.52,0.01482511035017297,0.01751133615262349,79.58748364946791,82.47143917217227,77.02436657053994,1.3773018539840565,42.01357746250824,7.6555420191572265,5.7224941771037825,81.87701005961938,18.122989940380627,110.5349222383937,60.86580275672823
107636125.0,1611149224.1569343,1611149256.9963503,729.1675870669251,9.957279992408713,5.324348164831053,0.08394160583941605,0.19581928850304336,0.08394160583941605,0.19581928850304336,5.347156916551623,729.271897810219,35.57664233576642,0.007350528822221505,0.01374028966400331,82.33627608650153,84.45587552850688,80.40192731905651,1.1282145584800998,33.01332939577906,5.358200729468837,7.887814009138602,82.62682961782525,17.373170382174756,94.3981206279798,56.0265905027319
107719375.0,1611149589.5285714,1611149622.45,778.960971940371,15.847074654351536,7.385700528263659,0.0,0.0,1.4,3.6117698091382304,7.423074732674979,778.8464285714285,60.24285714285714,0.009497992072843972,0.020299734411649423,77.07392925938777,79.9847903201766,74.08574226912596,1.5397457099740492,103.67036973883427,9.086301076358534,11.605382109177421,89.0093220198496,10.990677980150389,200.27972615513596,87.5230553399432
103968625.0,1611134508.5,1611134538.5566666,667.7543378783407,26.032652102133373,28.562502688743187,3.92,9.443370760245408,7.1,17.046065453832654,28.58405929138137,666.5466666666666,129.12,0.04239171011615094,0.03864267496934443,90.10817363015225,97.15957088274473,80.84316660913625,3.330389465538788,132.51044782340614,195.0235418012828,1.445534788131472,49.78849555527197,50.21150444472803,425.5184936624192,97.98450403773028
107682875.0,1611149429.2992702,1611149462.2189782,748.8152403180263,11.88854753398976,6.494353105736311,0.0,0.0,0.10218978102189781,0.2450045355510906,6.514096889702555,749.0638686131387,45.36131386861314,0.00869689446244419,0.01585527092382728,80.1986438376895,82.64101781616382,77.80442387326575,1.2555560788773636,48.46349512274277,5.782521561705649,9.425303072033213,85.09574509686684,14.904254903133156,102.18131206116519,47.93529537671675
103988125.0,1611134586.72,1611134616.8166666,668.3085769605543,24.566960932025903,27.278608537344695,3.6133333333333333,8.626873466862122,7.003333333333333,16.675804107029297,27.299191785091907,667.7066666666667,122.85333333333334,0.040670636449339825,0.03653050661159528,89.97062915839209,97.2034036048192,81.45261748407769,3.1728607021405746,123.75806669864643,185.09588399254716,1.404176233782214,48.10368109132034,51.89631890867966,389.865332109958,81.01138141876446
104064500.0,1611134893.0,1611134923.0,658.0707932292472,14.831728235457803,15.971790293773457,1.6079734219269104,3.8188936125668103,4.920265780730897,11.648264538983318,15.987235419736823,657.1926910299003,69.43521594684385,0.02409328969608559,0.0224032052145691,91.2619908925291,95.15552955863404,85.87520579868789,1.9847997833071283,39.818177599993085,47.94253023744476,2.7188196540006544,58.809599903711494,41.190400096288506,140.43345820607462,52.672750368636756
104141125.0,1611135200.35,1611135230.4433334,650.3590569527703,25.468802481864568,23.632544776039293,2.4066666666666667,5.538548580663059,7.036666666666667,16.2965803859821,23.65151970095825,653.5666666666667,141.68166666666667,0.03656060496133227,0.03953964079776692,92.71742257386742,114.97026040539664,86.20850316401328,5.013832916941709,334.2521043454901,605.5803766526504,1.1981193697304051,43.56909452975075,56.43090547024925,1066.6036541806425,126.7711731825019
105972750.0,1611142544.0,1611142574.0,655.3832796110718,21.855922075180597,32.35963661197819,5.5813953488372094,13.31751317409824,14.847176079734218,35.05622199977186,32.371275404925846,655.3388704318937,98.43189368770764,0.04877898597333103,0.03296662346186541,91.7414033043993,99.12108386028054,85.47494100631003,2.97180600472114,27.51748414702581,114.13160823098201,1.0025255025146738,33.577730510809594,66.4222694891904,188.22767898505637,46.57858660704855
106039875.0,1611142813.2733333,1611142843.3666666,648.4899142136372,15.46768276813594,22.161044534188946,3.033333333333333,7.055340360360213,9.733333333333333,22.57476409013562,22.170361242169854,648.1933333333334,74.65333333333334,0.034004315121393784,0.023738126340181884,92.60598344127922,98.59263247914653,87.94212190212502,2.1702453374447117,27.43778137124231,38.28519720224085,1.774060123052744,47.9491478579394,52.050852142060606,100.00957298743504,34.28659441395188
107683500.0,1611149432.04,1611149464.96,749.2790420513672,11.882219118851177,6.508152569281403,0.0,0.0,0.10181818181818182,0.24411360996726847,6.52782699299975,749.5290909090909,45.32363636363636,0.008710361187655332,0.015841977871440257,80.15008795843491,82.59006554645563,77.76051175725438,1.2541433412398746,48.426223226979815,5.780366698664362,9.429726502054605,85.19956872889692,14.80043127110307,101.9306729243042,47.72408299866003
107708750.0,1611149542.8844445,1611149575.8044446,768.2708640521679,15.78006544707364,7.568050190835278,0.0,0.0,0.9688888888888889,2.482192452153941,7.601482776357819,768.6133333333333,59.76888888888889,0.009880234625135103,0.0205158267336463,78.17581588013304,81.2446296814734,75.19566317482048,1.5829818651335745,92.45717679631993,9.162034496712737,10.963464489911349,87.84907119288232,12.150928807117683,186.3571083856322,84.73789709259951
22470500.0,1619446639.0,1619446669.0,590.4716907854922,14.148932127629955,7.615556171784544,0.2857142857142857,0.5690923954554988,0.2857142857142857,0.5690923954554988,7.641767642368553,590.1993355481727,59.70764119601329,0.013039577714119899,0.024101160200489552,101.74738897800208,108.18362236423982,97.2404586243379,2.49259094386834,78.52576768794857,27.453895767536668,6.083247445683065,79.0573986521347,20.942601347865313,191.3472383058021,85.36757485031686
22712750.0,1619447609.0,1619447639.0,618.487317700312,14.556113279433829,6.606886211029669,0.0,0.0,0.27906976744186046,0.6149290155045697,6.632133931848241,618.0863787375415,57.95348837209303,0.010707532341265733,0.023543436575306574,97.11589659252402,101.41467542782004,92.37743438871765,2.2560626720178134,83.81446776084044,15.406559247011277,6.536441879863824,81.56609352378781,18.433906476212183,192.9032786684616,93.6822516606099
22656000.0,1619447382.0,1619447412.0,614.7363416278051,15.994369814257535,6.680050392615024,0.0,0.0,0.25249169435215946,0.5667052500828691,6.710859428725676,613.2225913621262,62.205980066445186,0.010891931347404031,0.026036776440955808,97.72844005837482,102.01768129880523,92.28027565554264,2.4945192309338227,101.71590965242355,22.228780232895563,5.513777868345316,80.89814353541881,19.101856464581186,224.56974245023176,100.62505256491265
20042250.0,1619436921.0,1619436951.0,526.509461913761,8.03798981191133,3.920676206150295,0.0,0.0,0.0,0.0,3.929816541275302,526.9302325581396,30.6578073089701,0.007468456756844765,0.015294285503168194,114.02011955079115,117.46004285412104,110.79504410715256,1.7356261403828828,33.00116167873416,5.769249824607817,6.297641930475726,81.79349453375968,18.20650546624031,64.04080947885379,25.270397975511823
22765000.0,1619447818.0,1619447848.0,617.4126530936903,15.125607809812166,7.937929091176785,0.2857142857142857,0.5774356254129559,0.4717607973421927,0.9896108777223108,7.962211516660756,617.3820598006645,66.4717607973422,0.013067766991044907,0.024712620628157853,97.33756698169935,104.37990604388368,92.82928164687348,2.495010284172276,102.95802708152556,29.032373349052616,8.707011391329486,81.19109089388945,18.808909106110537,215.45956472328433,83.46916429270613
26354750.0,1619462185.0,1619462215.0,847.881980424305,30.675171173309025,38.00898750524021,7.591362126245847,23.236268353075392,19.142857142857142,58.57927824679624,38.03691171252106,846.704318936877,112.10631229235881,0.04489401472014678,0.036209714991029006,70.90945485828247,75.61691872421738,66.25007096431814,2.526413715035247,96.6316018627131,350.5518602532117,0.27475736495754843,18.912112629808497,81.08788737019151,536.130419220414,88.94695710448904
26419750.0,1619462445.0,1619462475.0,836.1214833925114,34.47633406323142,40.245891276297606,8.17607973421927,24.639346338458093,21.04983388704319,63.481790230243355,40.28628110870155,833.7142857142857,131.45514950166114,0.048257477144184234,0.04136167867796292,71.93605256711366,77.61862012309909,66.27991979498063,2.934943724644654,160.1399483483565,412.99513469558053,0.38593876796074067,24.47383557088537,75.52616442911463,689.1749320164323,116.03984897249532
26492125.0,1619462734.77,1619462764.8466666,851.3602918367503,40.6144606057708,36.363154772318154,5.976666666666667,18.383245227718664,18.843333333333334,58.132201250358264,36.43933456066447,848.8933333333333,136.14666666666668,0.04283529222708734,0.04862066550524272,70.8301271625375,76.71911822170745,65.08560046060668,3.473274527645802,322.71554526950484,325.68306299693495,0.8934613398646015,30.608971885879146,69.39102811412086,1531.147254773506,882.748646507066
28440750.0,1619470534.0,1619470564.0,862.1875476256544,46.27893579435187,56.35527144088603,13.172757475083056,41.646826147901294,24.14950166112957,75.5441483067573,56.41713850192409,862.3189368770765,176.7043189368771,0.06518017344320794,0.05376604177570817,69.96961949423701,77.14392757107605,62.81110209738763,3.70741836269553,280.67625169638507,486.4564816784452,0.7655137312170134,32.43271103038595,67.56728896961404,1112.2582251169858,345.12549174215553
28994750.0,1619472751.0,1619472781.0,910.4015558280207,47.44975369491281,53.81238460313063,13.272425249169435,44.00357646035104,19.74750830564784,65.38959213321418,53.906442465711024,906.2591362126246,159.28239202657807,0.05915183715404754,0.05267992965655739,66.20561067955992,72.86040178492709,60.673115072032985,3.4969490282009765,196.22614306242605,745.4225937999066,0.2638692898526916,17.634497507246053,82.36550249275396,1398.2791660466366,456.63042918430415
29663750.0,1619475429.0,1619475459.0,917.6819426606322,50.91747339052967,49.216075335354695,11.455149501661129,38.51673851993934,21.385382059800666,71.44235624508231,49.280098258871035,921.3222591362127,184.81063122923587,0.053495237282964875,0.055460912341601526,65.65021248590767,73.54274417665088,59.99457729718072,3.6457642349807453,327.845105446103,511.8078733536515,0.819962862913183,38.90376901512166,61.09623098487834,1444.5673333725779,604.9143545728233
64810000.0,1619616046.0,1619616076.0,616.4482493358014,23.11620495474527,11.468290126776225,0.3687707641196013,0.8644039092930386,2.0033222591362128,4.5660842336333864,11.516191541467263,614.3056478405316,100.59800664451828,0.01833573674890385,0.03707181030185599,97.64784058095972,103.7265786315089,89.10296576773005,3.43230839037324,239.76661280942457,60.21409010145917,5.724525768497356,80.12322148961833,19.87677851038167,473.0702803676642,173.08957745678038
68075250.0,1619629109.0,1619629139.0,897.1726360495776,43.95176006219112,60.631982374751715,17.435215946843854,56.71196005170124,25.375415282392026,82.47973925299506,60.669135158159726,894.2458471760797,152.0797342192691,0.06759375546449552,0.04899617123162118,67.05199422422575,72.68570789340062,61.36984614990159,3.2190887721248087,90.87266957821849,845.6137207283874,0.10885210076636982,9.48208239849506,90.51791760150495,1007.6616148405672,71.17522453396099
72767000.0,1619647879.0,1619647909.0,785.2955439928708,53.921538760533075,33.4914667451027,2.3853820598006643,6.64298590772629,8.870431893687707,25.31794107742863,33.657867663462945,786.2325581395348,226.69767441860466,0.043402600150442755,0.06971187338004085,77.21372234941201,91.99243346110131,67.36463505326533,5.643358892367847,944.5331373703689,662.5570928395667,3.3111773404641887,64.68088202065147,35.31911797934853,2339.497917506079,732.4076872961431
88534750.0,1619710959.0,1619710989.0,666.951314920168,29.05152602320392,14.071425785149824,0.37209302325581395,0.9111273540676005,4.25249169435216,10.29806972207799,14.130097842728897,665.5614617940199,115.53488372093024,0.021047499610514577,0.04330116128490465,90.23988335615431,97.42462419471859,82.29911072859984,3.7903679570578155,317.8233631289836,66.02465339593704,5.782473986816767,78.6480044948049,21.351995505195106,741.4515391536933,357.6035226287725
88569250.0,1619711097.0,1619711127.0,679.8697485390845,26.590706568761565,15.159628651219107,0.27906976744186046,0.677675799005155,5.571428571428571,13.782326819492491,15.209663604626007,678.9833887043189,105.72757475083057,0.022251525025401633,0.0390777310091241,88.52610774447533,95.05397982437572,81.52248658604339,3.3860210913421054,245.50052774343564,70.75217744423942,3.5384838663340434,71.44932022526864,28.550679774731368,591.0978723520371,274.8451671643621
93492500.0,1619730793.0,1619730823.0,910.5158908283161,70.43198006487586,64.09367412073782,12.235880398671096,40.14540947354806,21.95016611295681,72.29809024050792,64.23738994001943,914.5116279069767,264.87707641196016,0.07152652003767766,0.07945814940212204,66.718208586131,79.50254037906484,57.95530231529392,5.53307617565449,1584.655737667695,975.3660239686923,1.2000798537066724,36.80493745037202,63.19506254962797,3966.5414087772742,1406.519647140887
93806000.0,1619732047.0,1619732077.0,905.9752461234432,43.45667252855136,39.599299796150426,6.6245847176079735,21.83664340610135,19.54485049833887,64.1834582282094,39.670632398912,903.1162790697674,165.72757475083057,0.04377717776015228,0.04796193041941519,66.43651587211178,72.60255409620083,60.47837986853723,3.1167584046368435,273.5718186051794,359.6693847135998,0.7834291356863912,40.36600233833562,59.63399766166439,1077.5724917683544,444.3312884495753
96203000.0,1619741637.0,1619741667.0,925.8563056348504,48.277173151168064,58.10703648883827,14.013289036544851,47.10235440633558,22.029900332225914,74.02755553420376,58.15019711126559,932.046511627907,162.03322259136212,0.06275205846437389,0.052193219018637174,64.99985549608888,71.40992279217275,59.84840985535812,3.3735840489294104,113.10054420733653,867.2805359924888,0.15790898694915545,11.437259904051041,88.56274009594895,1179.8843795290072,199.50329932918174
96617500.0,1619743296.0,1619743326.0,831.3245575101364,39.71120899136678,25.790450733387562,2.0132890365448506,6.201492535348846,12.049833887043189,36.455043643152386,25.908206626687008,831.0365448504983,144.265780730897,0.031021734052537425,0.04788414210178446,72.46460682778171,79.18369105727659,66.51606630305659,3.4344624777408295,278.55359185831577,215.30797916944746,1.5439016252364355,52.30028172462499,47.69971827537501,1047.0442945843909,553.1827235566275
111096750.0,1619801236.0,1619801266.0,773.4755760720091,32.206307462965704,30.811319939458823,1.6843853820598007,4.68413106528573,17.292358803986712,48.092301946636816,30.850938165457432,774.0066445182724,143.4418604651163,0.03997358464434173,0.04174894099631457,77.85596898895321,91.19710906278095,72.13191353607155,3.886800767300489,261.14783583630333,441.60282346332815,1.0896851100791942,45.08099489786955,54.91900510213044,891.8180425197259,189.06738322009437
30391625.0,1648594533.6333334,1648594563.71,729.6720649745232,32.34075292004916,18.612888010383998,1.0266666666666666,2.671902014584941,6.3933333333333335,16.765525501308556,18.66981889508916,727.4933333333333,130.21333333333334,0.025612359856985047,0.04434638160582873,82.47018306042871,88.88648116017667,74.59800975214694,3.547899643060103,335.3569525809366,154.01438396186055,2.096249224421959,60.29533402230329,39.704665977696706,830.9941700575404,341.62283351474315
21887125.0,1648560494.0233333,1648560524.1033332,610.7877862590234,20.410834308540107,13.801477856139623,0.37,0.785787588706513,3.69,8.048383137791745,13.828961292237755,608.98,89.74666666666667,0.022640096017531062,0.03340714367265582,98.42675845829265,104.55894745477538,90.5056384982969,3.1993810639318476,122.25736220166218,94.52947293186126,1.7304300088599875,55.815203475207625,44.184796524792375,350.5039355471337,133.71710041361027
30189500.0,1648593725.0,1648593755.0,736.6991912190109,29.188698816563424,18.147348539942254,0.4119601328903654,1.0910065377629636,7.461794019933555,19.79325137438444,18.210588056031753,733.1295681063123,120.30564784053156,0.024635908437245835,0.03943105883477564,81.66510696094956,87.37312419936057,74.48393886528731,3.1166520873839265,266.93603811487685,110.95268022515087,2.4151730967733616,65.92440975720943,34.07559024279057,728.8752887983874,350.9865704583596
21957250.0,1648560775.0,1648560805.0,605.2817023013962,17.041579642088514,12.389209770340065,0.4584717607973422,0.9680711057020676,2.435215946843854,5.208150001246401,12.401684895797526,604.6710963455149,80.1328903654485,0.020522108836588542,0.028179451249064884,99.2635633313918,107.5629497615895,93.32059094176586,2.910860202599837,120.63178693833726,88.0637242915627,2.314988461304965,63.31915577039932,36.68084422960068,256.9829676356283,48.2874564057283
30236750.0,1648593914.0,1648593944.0,716.395654279943,24.349927632416883,12.911058395223021,0.23920265780730898,0.576330606250725,3.528239202657807,9.215928866446237,12.968082438922787,715.5083056478405,98.578073089701,0.018074181750118382,0.0341658737392564,84.01572675998882,89.55031998957966,78.06299647922576,2.8299102645478085,263.40466102220006,61.65906343715715,4.315780267300797,74.14748562273543,25.852514377264576,570.4053363457028,245.34161188634562
30554750.0,1648595187.0,1648595217.0,730.8110130262959,40.39592377486765,20.766127133018834,1.196013289036545,3.2256176829384775,8.149501661129568,21.475504500030876,20.874561856277587,728.2126245847176,160.25249169435216,0.028522591216083512,0.055908621016032785,82.61948918541412,91.08338155415133,73.44013720856161,4.545798350190183,489.5720894894155,215.79613877408516,2.638006761022981,66.57497362451149,33.42502637548851,1598.5969625231207,893.2287342596201
94418750.0,1648850710.0,1648850740.0,727.9019902429269,63.384974631498736,42.74214720745555,6.149501661129568,16.27626435790493,17.996677740863788,47.181967868116736,42.807923518196624,723.5083056478405,263.42857142857144,0.05824186510843877,0.08666924597051945,83.09983580458656,95.22132757334906,68.10335223179132,6.774069025607426,1250.4012557252909,676.5608307704988,1.902534992175426,61.148523911039895,38.85147608896009,2794.97524127303,868.0131547772396
52485625.0,1620947408.3,1620947438.3933334,1033.1616327968966,55.56272747436035,52.362642347038985,8.556666666666667,32.651299736690284,17.403333333333332,65.73872534858965,52.55561372790882,1038.3333333333333,228.54333333333332,0.05056739023027537,0.05376227182379092,58.83263583091214,70.0015428886705,53.46932798826066,3.783863426603257,989.8819479284855,994.9417325050644,0.9470922523961406,44.97927164486797,55.02072835513203,2722.549662433415,737.725981999865
51008375.0,1620941484.5,1620941514.5866666,995.0633542953718,46.454549129241414,54.38308724438373,11.893333333333333,43.37079630621853,19.813333333333333,71.77400669773724,54.45936381806256,998.5466666666666,176.335,0.05448795158775816,0.04645059844987758,60.55961453577431,66.88579573768152,55.914295692824915,2.80159893348535,353.42812411425314,515.7735572280417,0.6056585076489894,32.82377685643846,67.17622314356153,1125.3712233992248,256.1695420569302
51439875.0,1620943214.8533332,1620943244.9466667,795.5373210279797,81.26713946036014,61.35488539723979,5.93,16.37809420711063,14.436666666666667,40.67165310492206,61.47582712842731,816.185,369.97222222222223,0.07865869571349873,0.10408187157232271,77.4725122912012,130.57148177684965,67.06756821233058,12.451905766138966,2529.157690294581,3635.614904166744,1.4547207645867042,51.00812525738226,48.99187474261774,7176.645338686,1011.8727442246748
51705500.0,1620944280.0,1620944310.0,1019.9495290027772,55.81254590109557,42.8726437148542,5.521739130434782,20.17766141796348,16.474916387959865,61.234365689686996,43.02189912332063,1027.496989966555,229.33277591973246,0.04260376619548302,0.05638132937513123,59.427420023361414,73.60726821133177,54.17470675431961,4.3400458099094745,1556.0188547788312,824.3833315272653,1.4580590556565682,50.951958084139,49.048041915861,3470.719236379236,1090.3170500731394
52372375.0,1620946954.14,1620946984.2333333,1024.6732523100231,58.61493701408065,47.20148605861964,4.8966666666666665,17.979935528087182,17.223333333333333,64.42758488871021,47.36133669339673,1037.9866666666667,224.09,0.04752812476550008,0.06027669394159105,59.60215446822299,75.16469465130277,53.62389839715494,5.08513080242976,2531.712960391681,895.5939334408799,1.2623527870202707,45.166893123528986,54.833106876471014,4983.285385976441,1555.9784921438795
53482375.0,1620951405.09,1620951435.1866667,968.4117537749385,47.4628595053683,47.44337370261049,8.333333333333334,29.72166062824897,19.273333333333333,67.77896849749696,47.53860307577913,966.12,176.29333333333332,0.04867989239718651,0.048687031917066775,62.22702603529304,67.56003782940677,56.605919316709645,2.9193817414297456,460.20169170503755,425.0121801635351,0.8912090878245925,38.3413112165563,61.65868878344371,1312.920651374535,427.7067795059625
53788125.0,1620952631.1233332,1620952661.2166667,901.9070444689835,39.40867567934268,30.6575860065396,3.01,9.884211914954406,14.276666666666667,46.52592255183328,30.751203880494305,906.6666666666666,154.40833333333333,0.0340238083849617,0.04369602650617361,66.71124407226554,74.10715631988185,62.00497440055682,2.987346134939135,335.0079737082283,196.1240252437085,2.540272592825239,60.58963049239429,39.410369507605715,959.9416070852112,428.8096081332744
55939250.0,1620961256.9601328,1620961287.0,1058.4889333308806,54.975545333692956,57.68035548193692,10.9734219269103,42.5664909463741,18.897009966777407,72.99621945159808,57.79683743031584,1057.6212624584718,220.0797342192691,0.054524210451466625,0.05228652095560897,56.95049221373909,63.892221559358795,51.456567416344214,2.9902799491394316,365.470581925016,672.622135709394,0.5185697414331171,30.596044061802594,69.4039559381974,1704.68728053522,666.5945629008098
57091875.0,1620965878.6333334,1620965908.7266667,1374.7685918964078,66.4380601522853,82.893044531069,12.06,62.078947368421055,16.093333333333334,82.80058479532165,83.07571865596377,1376.7266666666667,251.69333333333333,0.060402179705916575,0.048301466971567536,43.756977992977745,48.264962489809164,40.1612861051732,2.0800347479192607,385.7802870657296,839.4918014771895,0.474755440632147,29.864044525555123,70.13595547444488,1687.7102298430723,462.438141300153
58090875.0,1620969884.5,1620969914.55,1175.574209249183,122.3351663685826,77.61752744597256,8.97,39.730963959752856,16.0,69.98240076157539,78.39954678756604,1177.6383333333333,433.45,0.06661588571255778,0.10491903332238366,52.403696840451126,66.50196895698305,43.583589517632255,6.312145150850157,3300.2452434914303,2730.6414160155186,2.699848751062052,63.319872322331136,36.680127677668864,10325.80959009165,4294.922930584702
58097125.0,1620969909.54,1620969939.6333334,1196.1658388365984,110.88275107984902,70.71814579243355,8.753333333333334,39.89880855710218,15.693333333333333,70.22213388407185,71.47805705468721,1194.1083333333333,390.55,0.05855517522412138,0.09183203561223537,51.00306797854795,60.66925636933115,43.423808689017875,4.749868903804102,1865.34322316895,1137.704278080936,2.798787092556138,65.05213212262065,34.94786787737937,6421.413013602065,3418.365512352177
53642375.0,1620952046.53,1620952076.6266668,812.2223547542518,79.24462991555187,60.09506139439698,6.476666666666667,17.90166211319906,15.073333333333334,42.844630621083354,60.236330602507735,824.8175,362.82,0.0757746853031687,0.0998470230959921,75.88933736363738,117.45761125859855,64.03817232344385,11.231833206811668,2119.2364804029385,4039.3552638105916,1.4031739882979941,49.184625337335454,50.815374662664546,7369.957440358303,1211.3656961447725
57093375.0,1620965884.6533334,1620965914.7466667,1374.4287188805347,66.15613461167527,82.6267593548829,12.083333333333334,62.17631578947369,16.106666666666666,82.8391812865497,82.80564804192517,1376.5733333333333,250.25333333333333,0.06022232353157797,0.0481087939205229,43.766934739121524,48.271164418711926,40.204269415559715,2.073107327367444,380.11886510717477,832.8733099577304,0.47151245039856216,29.7003691587587,70.29963084124131,1674.5904206751702,461.5982456102648
57107875.0,1620965942.8466666,1620965972.94,1323.3172513045129,77.38599891078584,78.08799023222528,11.47,57.485372357393715,16.093333333333334,79.8991945285271,78.4266440950908,1322.5533333333333,287.2966666666667,0.059208328475526824,0.06049557534075896,45.930118740490336,52.132153472227344,41.08920491864996,2.8360059275555343,632.6593205022351,822.9865602960973,0.8709210235340727,36.549340931689315,63.450659068310685,2947.593655601415,1491.9477748030827
16047375.0,1616567685.9833333,1616567716.0633333,577.1465566071463,10.638432719218468,7.8250782283173415,0.0,0.0,0.7133333333333334,1.4949143471758115,7.834704279280083,577.8133333333334,44.6,0.013452084597966856,0.018415419151695082,104.09824278863222,108.36099790067378,100.30768170186829,1.9078519611737754,40.47658901335663,11.282872916009776,5.602325264212434,75.89498998396154,24.105010016038467,96.51226800415684,44.75280607479042
17981875.0,1616575428.5,1616575458.58,645.7189264456883,23.844651057876174,14.536586084875177,0.3333333333333333,0.7429830948991948,4.203333333333333,9.777557036017097,14.578013729308545,645.9883333333333,100.16666666666667,0.02252702763157224,0.037048013746285316,93.2762313310345,100.69057157742135,86.0584127799411,3.4482732096042006,174.95754818379,64.31700476463777,3.615784009652299,71.05375182944601,28.94624817055398,479.73744225024615,240.4628893018183
23799250.0,1616598713.0,1616598743.0,833.7824027159576,28.036220153717615,17.103026124884803,0.574750830564784,1.7923558804958248,5.74750830564784,17.41810599867945,17.191583208948895,831.1760797342192,107.90697674418605,0.020512957599852222,0.033540465888531226,72.11604435000766,76.26244994009599,67.15204128189761,2.3451154329121313,179.93808061596428,70.74382092100014,2.781095768905906,66.78557647722089,33.21442352277912,621.6197391923192,370.9378376553548
24989000.0,1616603475.0,1616603505.0,1075.213044890387,38.55275246059686,46.002264721113576,8.378737541528238,33.17061835666487,17.80066445182724,70.31697759604737,46.063782151937296,1076.252491694352,140.2392026578073,0.04277819453099628,0.03583232369918468,55.89564508248089,59.61246583521148,52.33273879098148,1.9650792180891226,160.31664414612902,378.92573592960224,0.42636090178790825,28.124478575393823,71.87552142460619,671.1954642585368,131.95308418280564
47406000.0,1616693197.0,1616693227.0,970.775611214556,39.20688082783241,37.76190736201304,5.511627906976744,19.557677655397903,16.627906976744185,58.72438523658595,37.81595641965218,970.2591362126246,156.91694352159467,0.038895223431128556,0.04039847645833674,61.936610195276394,67.39803203417367,57.32360649273229,2.4711132668039166,319.5124436220952,254.06498830741342,1.3481959998647244,53.21682232023894,46.78317767976105,782.1190940209557,208.54166209144697
41583375.0,1616669892.5,1616669922.5266666,858.8021236399476,26.64654117847202,24.75779084821653,0.61,1.8666880698189998,13.923333333333334,43.2476366287799,24.80451652085067,861.16,111.04666666666667,0.02883846111996095,0.031131661858040095,70.00640442187745,75.7915382413234,66.15892720761364,2.2446804408283567,169.15347531760116,141.2221274799385,1.352613767355509,48.77030059335185,51.22969940664815,510.6321696228874,200.2565668253478
45087750.0,1616683919.0,1616683949.0,951.1718515175943,43.44706278406421,40.5180511744764,5.136212624584718,17.798043908506255,18.362126245847175,63.52090671428511,40.597432706055635,956.1926910299003,173.54152823920265,0.04304539040827901,0.04621371810547012,63.397975937384906,73.14734215987124,58.88671440234562,3.3332784078707,493.29530579417184,580.4121701889153,0.9588356465131997,42.39288178929689,57.60711821070311,1552.5505941793201,478.84311819623304
52015500.0,1616711646.0,1616711676.0,1069.5957415489993,73.14465618561337,73.27254301935743,14.225913621262459,55.798387685054394,20.47840531561462,80.30335805413458,73.4425939051187,1071.3089700996677,284.95681063122925,0.06942100009112538,0.07045549225072859,56.73141851439825,67.88633764019336,49.53607830952265,4.318000502094391,849.3416320223919,1254.6928715050137,0.6861093016919505,32.04726214768228,67.95273785231771,3578.2485711008676,1474.2140675734631
69191000.0,1616780388.0,1616780418.0,1015.6103756920328,57.68817718116936,42.79803375322915,6.322259136212624,23.344358769000493,16.31893687707641,60.48429248376079,42.999086166671546,1016.5448504983389,230.7641196013289,0.04284764582166438,0.05845129979217336,59.615965739984745,70.25090580507998,53.520202843172186,3.88814694694886,788.4031458216922,534.8276899476468,1.7290046686505434,53.15536690366088,46.844633096339116,2423.647251469097,1100.4164156997576
64319500.0,1616760891.0,1616760921.0,856.4726563236628,35.58459610663851,27.56279971303944,2.2259136212624586,7.109602178771031,14.043189368770765,43.62289145740111,27.636800671658577,858.9568106312292,131.65448504983388,0.03213321357258594,0.041575074358329835,70.27270479958244,76.24891067519518,65.2992527676287,2.917458235681687,320.3337161852647,153.48680510761267,2.30120469691966,60.6436685439813,39.35633145601869,785.1776779048691,311.35715661199185
64790500.0,1616762776.0,1616762806.0,900.704878804144,25.906271571897474,29.004568731681225,1.4717607973421927,4.855047659698176,17.18936877076412,56.28787943837992,29.035046256800033,900.7840531561462,101.59468438538207,0.03217903400082356,0.028835241235650153,66.72544232943947,70.92533790223962,63.27466749303582,1.9142617272746394,116.07779187230808,163.2294150563599,0.807081258503374,34.47919173517783,65.52080826482218,379.4361415150319,100.12893458636393
70284500.0,1616784765.0,1616784795.0,1049.8202148431433,83.70382040771395,62.46195325902884,10.717607973421927,41.731989702128246,17.637873754152825,68.58935212746962,62.77856656717481,1045.408637873754,300.22591362126246,0.059419829367044555,0.08133912184948941,57.971779659248504,66.25212907342994,49.58507199306884,4.6880867573721465,1014.1818054311834,839.9759893139095,1.2935470322740152,51.66617425308346,48.333825746916546,4015.434868548186,2161.277073803093
70631375.0,1616786152.9933333,1616786183.07,1005.6184613383713,90.79056077905359,52.573737056744015,6.81,25.356772886079987,17.65,65.28382759608797,52.87400125752301,996.2133333333334,312.0133333333333,0.05273437464207054,0.09241239212491728,60.613353870905364,69.84291842360773,51.09784222213063,5.465279759017627,2523.9442159168225,524.1011755402228,4.062307247389217,66.02500189644546,33.97499810355454,5709.157860859684,2661.112469402638
72487000.0,1616793580.0,1616793610.0,1166.0818507942267,49.80676383027414,61.27192618805226,11.90033222591362,51.24280000417513,17.35215946843854,74.72492977194696,61.39295937262305,1165.6943521594685,186.95016611295682,0.05262273371297159,0.04281594123965368,51.5709217903156,55.822229738276114,47.52795128590326,2.1705916827680025,335.7088035910798,534.5747990709268,0.600339843729579,32.49764125305674,67.50235874694324,1145.565171014441,275.2815683524343
74063125.0,1616799888.27,1616799918.3466666,1090.081795251662,44.63159244339557,53.39520418508034,10.66,42.72363247863248,19.3,77.31897435897436,53.449172006657406,1088.4933333333333,180.10666666666665,0.04899540006039938,0.04090063312597531,55.139544254857576,59.580411812560996,50.596010194387524,2.193959044370079,234.20906288571982,475.2088701525177,0.4810562325075762,30.251938902644177,69.74806109735582,917.461122176544,208.04318913830647
87425000.0,1616853363.0,1616853393.0,906.5658864916059,41.46775126540728,33.865649736799305,4.076411960132891,13.641512419862106,17.980066445182725,59.212272905103035,33.9485183336208,907.7541528239203,154.31229235880397,0.03733145957040783,0.04599307718789179,66.43484083338089,72.862728359872,61.29780798193225,3.0683056298201596,325.7651160647268,221.85262756645488,1.56160348128131,54.282589214744384,45.71741078525562,1083.2311777111427,535.613434079961
92434250.0,1616873411.0,1616873441.0,1163.267450527228,54.76870786082766,69.00402195255636,13.867109634551495,59.65293553766759,19.677740863787374,84.55778717406625,69.10473149368126,1158.8039867109635,212.1063122923588,0.059376781983674166,0.04704274176774799,51.70105960403208,56.26837328017233,46.952710791009,2.362644235340282,296.17448841674246,781.7091708688761,0.3594750267445696,24.412388456962294,75.58761154303771,1270.1123501733973,192.2286908877786
95183500.0,1616884413.0,1616884443.0,1026.173833710199,67.81619448561861,55.876416188845496,9.43189368770764,36.110454323608,17.01328903654485,64.51503632764131,56.18731307310039,1021.2491694352159,258.36544850498336,0.054301647575974624,0.06818415343044056,59.27378132254807,66.50169989756326,51.34641791763831,4.07369908780707,905.7152394292483,639.9446123153775,1.461015071550736,48.43865273163616,51.56134726836384,3230.0570088481227,1684.3971571034974
108193500.0,1616936458.0,1616936488.0,860.719375530339,21.069578472988585,22.058904878326384,0.3588039867109635,1.087138548388052,11.654485049833887,36.29978171108858,22.088621717783905,861.3554817275748,89.40863787375416,0.025636433940922968,0.024478987722925987,69.77213118444067,74.12509720652652,66.6649509992794,1.7126792935583495,79.55353780634078,102.07265201512186,0.7828675952129429,41.04972604176136,58.95027395823864,265.3253955494077,83.69920572794506
108704500.0,1616938502.0,1616938532.0,927.21752836954,33.13068067662811,32.3376101883445,3.893687707641196,13.124871067264609,17.056478405315616,57.41991863321534,32.39873011039143,927.0498338870432,133.6079734219269,0.034929651505557165,0.03588861332147102,64.92178144405088,70.10915831712137,60.56291873801749,2.3208297386591576,218.24823589607726,183.9016989886421,1.1861829289124002,47.77303970494299,52.226960295057005,623.3582588586438,221.20832397392448
110611250.0,1616946129.0,1616946159.0,606.1041438310774,202.41949821115955,146.17879121973212,35.478405315614616,67.8749502061802,46.13953488372093,86.92104413639997,146.68551918524065,566.0897009966777,853.4042081949059,0.23618533619984283,0.3245024308165824,111.94598859731947,186.4488552722015,53.484784986060106,32.858742950582624,12138.54245266111,12176.31507975154,1.1304740466698973,47.93431095465681,52.06568904534319,32464.658461858733,8149.800929446084
107576750.0,1616933991.0,1616934021.0,893.4997442184266,29.763977965547312,26.649131467209045,0.5614617940199336,1.785911169350779,13.60797342192691,44.056807627231485,26.702243639248596,895.9269102990033,118.91029900332227,0.029986860572786725,0.033532341685343574,67.29369957140665,73.71279089473686,63.71867626766195,2.420090366703394,275.055693518157,232.13014358597184,1.0227732894466859,45.95937006854898,54.04062993145102,720.8680153905416,213.68217828641266
108885250.0,1616939225.0,1616939255.0,993.3459409930284,38.51018592398124,37.051942185716754,5.093023255813954,18.449466229853446,16.299003322259136,58.93934780061485,37.13057244985697,996.7906976744187,149.3687707641196,0.03736749733541495,0.039016091847574846,60.55099724198831,65.99179957798674,56.53644088584214,2.3829213897622235,258.063553996573,228.50681997522233,1.3928123613563328,46.004448278789155,53.995551721210845,829.283488100454,342.71311412865873
110796226.93726937,1616946868.9077492,1616946898.9077492,569.8889823301434,193.62108286147375,137.834486510724,34.690036900369,61.92020248677256,47.44649446494465,82.74645158086723,138.12507019073385,531.6180811808118,904.8944649446494,0.23546310871851325,0.32702963659702233,120.80729492746404,190.3241111934842,53.87653593076993,32.480842759562,12775.446745878724,9067.069950803287,1.4591737335915573,52.95119845859085,47.04880154140915,29867.581927836924,8025.065231154914
25813125.0,1620235011.14,1620235041.2333333,1081.4537162277604,53.53984617004038,40.11752081081966,5.903333333333333,23.47876419691214,16.496666666666666,65.59916473013247,40.308978199669646,1084.1233333333332,193.68,0.03731511791463759,0.050470455707754255,55.78322734570371,61.35724175970868,50.985243042363365,2.8569968729770787,578.7697675136063,347.03129968544283,1.606556298984688,54.60712781650015,45.39287218349985,1822.9727534311498,897.1716862321005
25946375.0,1620235545.5,1620235575.59,1063.3289131749902,55.257146259393046,35.50398629512124,4.39,17.474540108780932,13.783333333333333,54.85765383353583,35.93487948129185,1065.9516666666666,195.45,0.033544316314467096,0.05388592953968212,57.12314400629024,63.181466539855926,51.96030368550609,3.1534252276672956,486.6651549734831,335.10489242472386,1.7972259722600392,50.63064681318645,49.369353186813555,1952.5437014092606,1130.7736540110536
26042375.0,1620235930.56,1620235960.6533334,1090.683947008547,33.49578491123734,28.71676261464979,1.34,5.375940170940171,12.936666666666667,51.63871794871795,28.808016256101304,1091.735,131.26666666666668,0.026407694153969825,0.03071337050798506,55.07322208908571,58.85164804344233,52.12436200494324,1.671392160068886,183.2186416494148,180.93548089404806,1.0472214525303551,46.324037706631884,53.675962293368116,528.4840843251662,164.32996178170336
26163125.0,1620236414.9566667,1620236445.0533333,1119.1459188034187,33.23657719206947,32.15329058936956,2.683333333333333,11.09306763285024,14.003333333333334,57.57869565217392,32.237654286645814,1119.1533333333334,132.22666666666666,0.028768590301417263,0.02962846012299887,53.669368164284855,56.99348378233743,50.65561167378976,1.561143716768564,168.0994095906532,224.86855237335268,0.6721658032841938,35.27518043291584,64.72481956708417,517.630477462948,124.66251549894216
18087625.0,1620204024.1966667,1620204054.29,751.8718742527952,23.98961837134099,11.26587033110668,0.0,0.0,1.7633333333333334,4.715772018403597,11.33010099141627,753.085,93.90333333333334,0.015074250781428218,0.03199650793384747,79.92767261447275,85.13074193952879,75.08521053437318,2.5439627572250676,181.00598174988713,42.06599520994797,4.8569260736879025,78.50010432218278,21.49989567781722,434.4612480473532,211.38927108751813
23433125.0,1620225464.9333334,1620225495.0266666,895.5596647315864,31.58697521021073,18.343435074919935,0.5566666666666666,1.848311482124788,7.42,24.579775783331613,18.47552361998335,895.9266666666666,116.53333333333333,0.02049768203569009,0.03506768785252179,67.3140718690827,71.70775837354745,63.075944659912665,2.31501620989757,193.28529904479595,112.65628588715619,1.9037083925927625,57.51963837252898,42.480361627471005,738.8058219935003,432.86423706154807
23936250.0,1620227483.0,1620227513.0,1097.596068186766,33.04575487022342,32.822574354525216,2.7674418604651163,11.119942073430446,14.0265780730897,56.33887043189369,32.88141080883131,1099.0132890365448,123.29900332225914,0.029973064761084054,0.030158141469746557,54.72560866801106,57.9773499785385,51.784520921149365,1.6314201412118647,157.96471372640647,229.36447000810531,0.7531405034942003,36.0602080048662,63.939791995133795,530.7040586898647,143.3748749553529
39620375.0,1620290396.6,1620290426.6966667,935.20819325766,37.014141392690334,25.79255406067509,1.1433333333333333,3.895112735490934,12.55,42.59617156187651,25.884893720716665,936.2666666666667,145.79,0.02762844460575795,0.03948331276940882,64.31888843090296,69.73479618348478,59.65468658455626,2.51300049338578,364.08865405682076,152.3950819834459,2.2689725670993552,64.53287447378058,35.4671255262194,827.0649324156392,310.5811963753726
44649125.0,1620310569.9933333,1620310600.0866666,1091.3943160493825,46.607961625276744,39.021385660338126,5.26,20.882649572649573,15.673333333333334,62.552649572649585,39.145780262364305,1095.2466666666667,177.00666666666666,0.035912806087469426,0.04274280640735543,55.0984096087737,60.279251403406185,51.159521361290174,2.3518298297642546,418.0075900853554,326.585767211789,1.5483770199432096,55.900400922283396,44.09959907771661,1000.1388428160727,255.54548551892833
41308625.0,1620297169.27,1620297199.3633332,912.8495888766864,37.32050563804144,24.967492221383623,1.0366666666666666,3.4959814255698567,12.483333333333333,41.391268466887205,25.07215913415808,915.62,144.29666666666665,0.02741191853551462,0.04093676086644811,65.90589836676176,71.68431577357664,61.144174878531885,2.686132617760172,361.2541124975009,139.91620620401062,3.132853003084008,67.02215488825466,32.97784511174534,829.0131038376043,327.84278513609274
47077875.0,1620320313.1933334,1620320343.29,1061.067243628,71.67959412145125,55.15449632003027,5.053333333333334,18.70809270677384,15.233333333333333,58.714559780824665,55.45343947491254,1059.8633333333332,308.3433333333333,0.05625009273948289,0.07378924877332692,57.81542633951455,70.62755531486697,49.5058420851191,4.701814856274847,2741.8646517625666,995.4817355268664,1.7642696936407978,48.44499066285746,51.55500933714254,5183.142607202248,1445.7962199128144
37671625.0,1620282579.05,1620282609.1466668,867.8835032076757,39.54965265181758,27.096852500463463,0.43,1.4365734955626501,7.543333333333333,23.944313161102244,27.20692208519072,862.2466666666667,164.19,0.03069148649889621,0.04492966315043133,69.44039701662574,73.8098152232981,62.95476152738481,2.7036491059574823,658.1454083146942,254.80985926989848,2.262678874323126,63.701915009804104,36.298084990195896,1381.4792240435659,468.5239564589733
38925375.0,1620287608.53,1620287638.6233332,910.2104843405593,31.107859430050812,22.261894579281943,0.65,2.1314502084246243,10.58,34.92574107313401,22.32993671052863,910.1466666666666,122.70666666666666,0.02452314230563187,0.034267241796896886,66.04431286267834,70.73489349705419,61.777589813406784,2.2398095314201965,256.43637405339285,111.99499330551616,2.6793471775232547,60.0818004230357,39.9181995769643,579.3698048820636,210.9384375231545
39805875.0,1620291140.7766666,1620291170.87,901.0659105571848,34.87882553187431,22.106875545389414,0.36666666666666664,1.2240637745643308,10.1,33.06522826990708,22.196206392775583,901.5866666666667,136.68,0.024580685341503365,0.03861505573661444,66.74067604799644,72.1051803180323,61.95983828447519,2.546125156845458,291.7773229481483,120.30549820340927,2.4934896777660045,65.02521372384338,34.97478627615661,745.4547404738257,333.3719193222681
41646375.0,1620298524.18,1620298554.2733333,724.9681949599217,27.50456767355267,11.229720055690814,0.0,0.0,2.9,7.8425059560161205,11.343552749501054,722.2516666666667,98.89,0.015468902026138964,0.037440039229024884,83.2807515257361,88.14407557141564,77.2550226943598,2.9991081519403604,173.13442365350141,42.218661839888725,4.484703311436921,77.51272130911804,22.487278690881965,655.746990714035,440.39390522064485
44515750.0,1620310035.0,1620310065.0,1070.8763192436384,39.0003743708351,34.31547932074025,3.7607973421926912,15.096552162424542,14.162790697674419,56.1395165430657,34.43057956393009,1071.8405315614618,152.77408637873754,0.03183483455082961,0.0361583226367643,56.28806841789549,60.730131877545176,52.72707357178928,2.003489189400303,293.4824397477777,251.0294601201981,1.328690567830544,48.050249665399114,51.94975033460088,755.6926588992161,211.18075903124023
44715875.0,1620310837.73,1620310867.8266666,1066.034340225207,51.33038448836936,37.52615563079509,4.71,18.368803418803417,15.19,59.173062678062685,37.65929100266258,1067.1833333333334,187.26,0.035316144103784836,0.04825004618692196,56.452515285992185,61.973465599178816,51.90870127461501,2.708532720647013,570.2882569598886,311.5684293662573,1.9344927168564163,56.72735695019375,43.27264304980625,1418.043813256408,536.1871269302617
46786625.0,1620319144.7633333,1620319174.8566666,1069.448505942206,36.950909887373854,32.50161853287357,3.11,12.145014245014245,13.823333333333334,54.051847103513765,32.57150362700739,1071.7416666666666,144.24666666666667,0.030438727484939476,0.03457274142405626,56.18609475936806,60.534979843042805,52.83896515514904,1.9302867463146554,286.7113303378734,221.09761992694558,1.3042034529116286,51.69173367385711,48.30826632614289,672.2716022044135,164.46265193959465
40893000.0,1620295501.9767442,1620295532.0,756.8867245157869,34.30434798309986,18.929478932401068,1.212624584717608,3.404621755122553,6.043189368770764,17.681959040489073,19.076347799357087,753.0398671096345,131.91694352159467,0.024740023100270795,0.04471585533584501,80.53161666754941,86.65638809736478,73.27346852613032,3.4439237634732525,344.3313738984312,93.15263562715054,4.032836218072397,71.68009298412578,28.319907015874218,866.3815202914441,428.89751076586236
47737125.0,1620322957.79,1620322987.8866668,998.1197387957538,49.968422289741,26.85189481015627,1.7533333333333334,6.375089272981376,10.5,38.36413749490872,27.123605249052627,1000.5716666666667,180.96666666666667,0.0271978319708492,0.05093304215937984,60.584041673024934,66.63096654778907,55.236806252421616,3.1418669474328604,718.8227017019434,140.47706980611412,5.257077931255082,72.80933958860042,27.190660411399573,1670.1346859037496,810.8349143956922
59668375.0,1620370810.99,1620370841.0833333,795.0456829551799,25.02564904110432,12.256427377066531,0.0,0.0,3.3266666666666667,9.496547349488525,12.332769339013007,792.8733333333333,97.54,0.015513730207743699,0.0314502305501563,75.59471747597166,79.92068840058563,70.75881147815227,2.3247796606955693,160.02930531109857,46.35918855574445,3.748659741922683,73.78119155487016,26.218808445129834,477.0572586851418,270.6687648182987
60413750.0,1620373800.0,1620373830.0,881.5799501282814,34.345639079701776,23.296740655815224,0.4850498338870432,1.5513212718764107,12.325581395348838,39.345621236286924,23.373897908504304,880.9634551495017,132.9734219269103,0.026489347461007215,0.03903821827886421,68.20632545456164,73.69125631869406,63.32298233523047,2.6343614207896366,276.9353954032956,143.5158609747279,2.059315041608096,61.362127821727945,38.63787217827205,728.2079138354763,307.756657457453
27332750.0,1620243604.0,1620243634.0,887.5671292011316,33.64164444099537,16.21259024941639,0.4584717607973422,1.4805121734979196,5.40531561461794,17.265467062545515,16.396713546410457,888.1428571428571,114.37873754152824,0.018538430647527613,0.03813731365742135,67.78556140672177,72.55065976797958,63.66454248301355,2.5747705832701095,177.20216894764926,75.23664042304429,2.5710165680183987,65.13597426104205,34.864025738957956,781.0645744045125,528.6257650338191
24733250.0,1620233189.0,1620233219.0,763.0937191323973,26.729521853518218,14.94764110139861,0.5548172757475083,1.5048238356509034,1.3754152823920265,3.7038326494525124,15.011851980632006,766.3355481727575,108.81063122923588,0.019770103445453695,0.03518624634719159,78.88245862799435,90.63754042018908,75.13715746796727,3.39316451132129,264.1951173818003,283.0425975346257,4.528447162988858,74.83921796143551,25.1607820385645,824.9963581761527,277.7586432597266
24966750.0,1620234124.9302325,1620234155.0,648.0133525664614,36.6292532889688,24.053170591356754,2.883720930232558,6.517779604345657,8.46843853820598,19.397189534561694,24.09848375529985,644.2857142857143,142.8936877076412,0.03750674018001733,0.05672390726647895,93.05409908700493,102.99279714942487,82.55252370615851,5.170825568900962,510.94780682326024,89.70260668330687,6.800520376943079,80.56827858802671,19.431721411973292,985.407619100293,384.757205593726
27464000.0,1620244130.0,1620244160.0,885.4071253646382,33.15009359939995,19.101850948455436,0.6112956810631229,1.925990832123615,5.813953488372093,18.314359195222792,19.232041609993523,889.5116279069767,127.28571428571429,0.021845753617123796,0.03779328079165226,67.93544911046456,73.0959095195734,63.28561093381102,2.555917261318549,211.62421197315885,102.23812118069432,2.236605616968017,60.97452033976868,39.02547966023132,796.8472168312903,482.98488367743715
49759375.0,1620333466.1533334,1620333496.2466667,493.2607651358017,129.6693985501548,97.65047455466427,40.693333333333335,59.335323545244414,54.57,79.3273856677649,97.70757842845056,467.10224999999997,630.0153333333334,0.19676714600239065,0.2610862028113003,129.57892972199,193.85121501908932,66.38569835819236,29.509568225227206,5820.768042227765,5627.159212949702,1.232823515423272,47.725837222633444,52.27416277736656,13304.620523693575,1856.6932685161055
49760125.0,1620333469.1633334,1620333499.2566667,494.5168969362365,130.74385595733878,98.22635482095025,40.74666666666667,59.48698835194099,54.64666666666667,79.53765272276661,98.28415736522142,468.3955833333334,634.0020000000001,0.1974235434857522,0.26255123975358535,129.34866528712743,193.90249707037137,66.09136807113491,29.650361381600565,6005.5797945167515,5678.384105586447,1.2518070269620158,48.10992060881849,51.89007939118151,13539.721889326414,1855.7579892232172
49760625.0,1620333471.17,1620333501.2633333,495.25606415260285,131.38663059249322,98.59641518734068,40.776666666666664,59.563474345818285,54.696666666666665,79.65448661351353,98.65460930451599,469.1044722222222,636.6153333333333,0.19788179782107773,0.26342103648022447,129.2159628721356,193.9537791216534,65.90335652821568,29.732832986596193,6119.614527904055,5717.842897357018,1.2614911131653168,48.28560708310647,51.71439291689353,13684.192766703014,1846.7353414419426
49760875.0,1620333472.1733334,1620333502.2666667,495.58076256530126,131.69904836363347,98.75769963712499,40.766666666666666,59.575793186398,54.693333333333335,79.68588757969712,98.81574447196994,469.40238888888894,637.922,0.19807533316629203,0.2638560797862703,129.1612120788586,193.9794201472944,65.8093507567561,29.77118742309985,6174.092387636565,5741.220682560751,1.265346848300051,48.363601801824245,51.63639819817576,13756.388602201268,1841.0755320039532
19794875.0,1653467148.3233333,1653467178.4166667,887.4767852145745,26.0162486248959,18.434749808897422,0.07666666666666666,0.24596774193548385,7.8,25.1112719941349,18.505953750759453,888.7533333333333,100.82333333333334,0.02083932007031801,0.029417782384884614,67.71112878798597,72.0867121833905,64.26991612088854,1.9862303879355057,147.48260007466567,48.19083195978596,3.4939810974464263,72.18910097455397,27.81089902544604,426.06070541756276,230.3872733831111
48647331.355932206,1653582796.3254237,1653582826.3254237,987.4961683055607,25.213197971429352,19.56598274589302,0.36610169491525424,1.2531858902402444,1.5457627118644068,5.450126681476014,19.649493118312115,991.1694915254237,109.14237288135594,0.020575628786169486,0.026481323713650372,61.016370053599935,69.60342081157386,58.73469786506147,2.2329856910293167,349.18713153646837,502.8756624390765,1.9363673227964346,55.05972244677088,44.94027755322912,1086.7937963445388,234.7310023689941
46378625.0,1653573702.9366667,1653573733.03,920.12295879641,23.950809794856788,18.66731170911237,0.31,1.0146027552659924,7.3966666666666665,24.779460705408514,18.73682890031801,922.0666666666667,95.53,0.020412395625851055,0.026110468025838416,65.30924357283934,69.03186512185091,62.16192397480363,1.6966623540855104,121.57247034508623,55.99907523295512,2.226367127918542,61.329778183613634,38.67022181638636,350.4390538279611,172.86750824991972
64910625.0,1653647983.5133333,1653648013.6066666,834.7012761099305,53.8237014257475,44.36983487363659,2.55,6.5748200583438,9.98,29.567482617750464,44.46876593023899,839.16,269.43,0.05663123813193059,0.06889876459538628,73.52950698257365,100.02069595808383,64.01947839915702,6.799552868299358,1060.9566063920213,1451.168415616828,1.5432440844310984,53.57271063318388,46.42728936681612,3204.680488367271,692.555466358422
64155227.34899329,1653644955.909396,1653644985.909396,842.2339277129552,36.61227948526516,28.586953473374628,1.563758389261745,4.78213308688746,3.030201342281879,9.37391462346379,28.66538511848968,847.0335570469799,164.23489932885906,0.0347000181069423,0.04459321746796728,71.93584845886407,87.51289298464465,66.59335254367653,4.408374138286324,915.5508557812701,950.6613952311941,2.9194092545892394,61.23382531433783,38.76617468566217,2307.638025612627,441.42577460016344
64224125.0,1653645232.05,1653645262.1433334,859.7696709541141,30.915443015929597,23.272142487284686,0.8733333333333333,2.7058632030524823,3.1466666666666665,9.78329689891597,23.35638379660121,865.58,141.59333333333333,0.027253029583596416,0.03611116751642004,70.02951931778183,82.09745482806923,66.34029452875706,3.1834563287089677,328.41035586952256,435.7594244507779,3.315038555032075,67.62170152116795,32.37829847883206,1027.5593636949814,263.3895833746807
64629000.0,1653646855.0,1653646885.0,836.027970843858,55.01991825942014,41.401583799245486,2.106312292358804,6.14160447776954,7.923588039867109,24.17443516526606,41.49989574655397,839.7973421926911,251.48837209302326,0.0502685670122037,0.06715577914841118,72.87080183629394,91.35033683373614,63.86907351025073,6.063171604958224,1472.8725057801,1612.0885814556766,2.4546802699216697,61.48633641835951,38.51366358164051,3936.1172454221005,851.1561581863241
64780000.0,1653647460.0,1653647490.0,850.3827391210184,19.11993336155099,14.046909280319257,0.09302325581395349,0.2807042478725105,3.8372093023255816,11.804914201239388,14.076949320996375,851.1395348837209,74.21926910299004,0.016539962833570874,0.022507010928544968,70.61220596105773,73.87057558901186,67.67686520873643,1.5745689022999838,78.22836840752863,28.61091922145465,3.691288718712804,73.27754527536646,26.72245472463354,223.5332679975226,116.69398036853934
58362250.0,1614923907.0,1614923937.0,887.933684839277,16.93912049959468,10.860919206392737,0.08970099667774087,0.30399225422119075,2.1362126245847177,7.1513945296669,10.92291321881003,887.953488372093,64.59800664451828,0.012174765745091564,0.018933381247303486,67.65665714654916,69.98527000103834,65.1599671091069,1.2493089494261407,65.90761707674388,29.396004556782934,3.195649673222724,70.34400810850023,29.65599189149977,190.79773485858314,95.49411322505632
58103000.0,1614922867.0,1614922897.0,850.6306459370218,17.678233685592446,8.691730129376854,0.0,0.0,0.7873754152823921,2.4199243565666055,8.749733342931956,847.9933554817276,63.00332225913621,0.010277660566021588,0.02068346001410429,70.58289711774523,72.85580612880521,67.72137755778955,1.4179839742412705,67.6405980486106,20.07020733594653,3.4050864517805612,69.70563845402087,30.294361545979125,222.44083506208818,134.73002967753104
57657000.0,1614921077.936877,1614921108.0,689.8677200048547,17.278406448839796,7.746823736142905,0.27906976744186046,0.644506060306672,0.7641196013289037,1.8128660816001465,7.805855656171216,690.6179401993355,68.45514950166113,0.011558155120817528,0.025479013995452257,87.43828660365932,92.97213083029693,83.60217257159864,2.284326842396963,113.87446684803108,26.42161722534857,7.040971689363279,81.9307160894085,18.069283910591505,280.8170338591425,140.52094978576287
58174875.0,1614923155.3466666,1614923185.44,864.0681748101325,22.87531777430547,9.798752828355179,0.0,0.0,1.9366666666666668,6.171250360207453,9.918222989283478,863.0133333333333,84.12,0.01140080007372463,0.026523811085018393,69.59834331042124,72.83379549658576,66.08920615419949,1.8208545832903065,113.22714772657223,30.200062370192537,4.460420306334426,77.16646974592658,22.833530254073434,442.79359812441265,299.3663880276479
42188811.64383562,1612787435.7808218,1612787465.8767123,669.0627785230996,75.72443768181796,50.61542495390629,4.315068493150685,9.310791397423152,10.35958904109589,24.770788697133113,50.73830605572894,656.1130136986301,380.5907534246575,0.07898027019894603,0.11489924973833907,92.52328442102615,112.28795172401588,67.83299114697084,8.56283290570614,2258.4867366001836,891.5298178971792,3.3090473224297003,63.98107335947587,36.01892664052413,5363.461904776126,2213.445350278763
42188811.64383562,1612787435.7808218,1612787465.8767123,669.0627785230996,75.72443768181796,50.61542495390629,4.315068493150685,9.310791397423152,10.35958904109589,24.770788697133113,50.73830605572894,656.1130136986301,380.5907534246575,0.07898027019894603,0.11489924973833907,92.52328442102615,112.28795172401588,67.83299114697084,8.56283290570614,2258.4867366001836,891.5298178971792,3.3090473224297003,63.98107335947587,36.01892664052413,5363.461904776126,2213.445350278763
84778965.9090909,1612958207.9545455,1612958238.055944,634.7665539779007,243.41878117386653,171.4873818982745,27.965034965034967,69.54173563318717,33.64685314685315,83.42870626164492,172.0698850721258,580.3812645687647,1008.732867132867,0.2645334698212399,0.3733323091659888,110.70952211682071,186.197163265045,48.32297162569743,35.50031286127868,21124.167317450203,15348.442645337787,1.5240884382475837,53.15451317493483,46.84548682506517,45271.30916233534,8798.699199547345
18076375.0,1646556545.15,1646556575.2466667,694.8377881544623,26.320599178301677,11.52984475561757,0.0,0.0,3.1166666666666667,7.810228157949596,11.59369591071015,695.6516666666666,96.18666666666667,0.016644570550713826,0.03778933544777302,86.55562226985376,92.67376596201694,80.71983443639759,3.218466663715128,260.2853598005555,41.09097003899806,7.9756626397792205,83.52484919745376,16.475150802546242,556.7095017506522,255.33317191109867
24942375.0,1646584086.5,1646584116.5366666,864.5362762687174,53.07850030126506,29.871293451145643,2.34,6.57981955597493,7.743333333333333,23.217372152562483,30.042947222033643,875.0966666666667,214.81333333333333,0.03666676716407131,0.06479021441034405,70.5059790926814,93.55049789528498,63.986578032845934,6.195898191026678,1119.2486869645181,619.9842429178647,3.5460269565484372,73.46038106836822,26.539618931631768,3299.6829652398233,1560.4500353574408
16615625.0,1646550685.5933332,1646550715.69,750.7773749073157,44.692404523538414,25.277935223503533,1.7433333333333334,4.5811648801458436,9.513333333333334,26.659470994592073,25.425774906670195,748.31,178.88,0.03426522757568921,0.060185068904486806,81.21487378027754,94.14759958396012,72.13953612030707,5.089613377219276,618.0810194569735,244.1261577806618,4.703955325081917,74.32569531319163,25.674304686808366,1544.963752667074,682.7565754294387
17267375.0,1646553300.0066667,1646553330.1,670.0239404409787,39.75665682832471,25.919321767042973,1.51,3.561954420646374,6.163333333333333,14.699874496201161,25.981891361275753,672.3816666666667,202.53,0.03890777998088929,0.059523358695860985,90.2376722058293,121.85123395354024,81.31560242893023,7.100406332824567,659.2686704107925,627.0546939350479,3.2874557258010313,66.12226534967667,33.87773465032334,1590.397764961132,304.07440061529184
25622875.0,1646586816.24,1646586846.3366666,940.5398017550365,28.781183665968936,29.708316991134065,2.72,9.285385878489327,14.156666666666666,48.3128078817734,29.737919911475796,939.6066666666667,103.49333333333334,0.03159955771505106,0.030571727372217444,63.856118576294406,67.10313099064425,60.17044758903923,1.904293787752893,60.71198121472012,290.8849783196772,0.2131641513909139,16.73175391714467,83.26824608285533,405.2916166526409,53.69465711824363
47811250.0,1646675753.0,1646675783.0,867.1274007062596,33.79888975921429,15.507823671135027,0.2059800664451827,0.48111963659970536,3.87375415282392,12.210727316386704,15.721052891908883,865.0664451827242,118.734219269103,0.018683116951986534,0.043271945350656656,70.59323447571745,76.33091434850006,64.9049354338659,3.2746376693187775,362.76788579845334,94.26459880735887,3.916580359586895,61.1451271665632,38.8548728334368,1463.1524763010527,1006.1199916952405
47348375.0,1646673898.3,1646673928.3933334,984.9785774238671,29.12222547624829,19.953569906877505,0.4533333333333333,1.6386152162014231,7.583333333333333,27.148001487656657,20.051579401223762,986.08,109.22666666666667,0.020362940197184456,0.029630112700275813,60.99628363664381,64.69833279028597,57.84591891412949,1.795402900014958,156.46848282772498,114.28008411996687,1.2948369343877857,46.92044898239049,53.07955101760952,510.6417458705835,239.89317892289156
68007125.0,1646756762.5666666,1646756792.6633334,899.1009167277615,22.03545019406122,14.07760445398514,0.0,0.0,4.07,13.26299283154122,14.117800681930222,897.2133333333334,84.65,0.015691525297029014,0.024483535737509145,66.78494317723184,69.7496994661783,63.532970358299146,1.5956444305691448,129.60566818222316,43.97989309441731,3.1533759041231635,72.20676204205628,27.793237957943717,282.06532553064693,108.47976425400648
68812125.0,1646759992.8,1646760022.8966668,906.3226444892473,18.057137447471376,18.967093716918825,0.28,0.9161290322580646,6.43,21.068817204301073,18.98577348474653,904.68,68.19333333333333,0.02094891687948058,0.019924912786376786,66.229511856053,68.58003604955968,63.615476137595664,1.293715208377171,26.697425611858236,110.23722949476452,0.2360513524249014,17.77257981244417,82.22742018755582,170.38618049356185,33.45152538693912
62874875.0,1646736168.4066668,1646736198.5,657.649790408927,22.23039616210827,11.364062220855095,0.23333333333333334,0.49159728646315143,2.15,5.138813176738575,11.41207575080394,655.8666666666667,92.25333333333333,0.01745088802105955,0.033853416070947565,91.54518975846514,96.94318115815014,84.35840240314671,3.0144718902546632,166.9398411464453,60.643992686353414,3.6957789892716817,72.453401119129,27.546598880871006,381.6873205728885,154.1034867400898
65401875.0,1646746308.5,1646746338.56,781.9400589616546,19.231962710779346,12.45632765610832,0.09333333333333334,0.24961421803527065,2.26,6.340924125057253,12.497947824155888,781.3933333333333,74.78666666666666,0.016004760936116358,0.02485913366236092,76.84644640662727,80.47808192579673,73.0791509548559,1.894323847457783,140.8231112160793,40.60235144760432,3.512794301041246,56.58068821948773,43.41931178051227,354.3248250980513,172.89936243436762
90384618.11023623,1646846552.6692913,1646846582.7755907,749.5505049810686,281.213600662926,214.83052826951698,18.992125984251967,71.09109227436454,22.02755905511811,81.2318443652632,216.53619159171816,701.1218832020998,1061.8103674540685,0.2789701649894898,0.3623506656095291,95.53830003946956,165.67197347317884,46.576699259844844,31.688170939225856,22341.002395771746,21580.642798333352,1.4576869826492465,49.55665506551372,50.44334493448628,55259.118751198715,11337.473557093606
90540375.0,1646847177.6366668,1646847207.7333333,817.5814782415301,34.02217650986993,18.883576042412173,0.48,1.3460980843333783,6.023333333333333,17.727023270405624,18.977934127869162,820.56,139.36666666666667,0.023402637147588657,0.04207682269476576,73.65127957455054,83.7861553005278,68.71948828275869,3.4221825558191026,352.3888365103993,206.0925588643453,2.95744692505389,65.31497220236301,34.685027797637005,1023.8466609492576,465.3652655745129
40182125.0,1619514992.7833333,1619515022.8766668,506.8184725697134,142.16333913962382,103.36213344529662,38.12,60.26710533074309,52.64666666666667,83.08432477016454,103.45989580039912,482.29875,675.7416666666667,0.20243629452470824,0.2763236899522393,127.43163725971503,197.27456093922004,64.65526810506358,31.4000049952031,6581.411357772982,6676.770557631636,1.053636965962664,47.85394861143124,52.14605138856875,16608.16780433816,3349.9858889335446
40066959.23913044,1619514531.0797102,1619514561.1811595,555.7746738906563,183.56996075312406,114.0531786771086,30.920289855072465,55.72893369904006,47.471014492753625,83.60943823113833,115.24305721984851,511.97135955831607,806.3393719806763,0.20404436702054535,0.31705963393385966,121.72326294097007,185.01973789391053,57.93731294991868,31.33824428086102,12220.589528237317,6681.470824914627,2.072036031251541,58.70945514193361,41.29054485806639,28537.58424655093,9635.52389339899
41514625.0,1619520334.6466668,1619520364.74,738.7987377589894,29.041865898969682,21.733819053012766,0.9333333333333333,2.408341539920487,5.31,13.87977218108797,21.78264759327936,742.6466666666666,138.75333333333333,0.029680951719856196,0.03960013277451031,81.50813792685867,97.16617228155641,76.38746989959265,3.97886895878673,291.3163176502466,335.47889386887005,2.6512495278036545,58.46353123106633,41.53646876893367,919.5215369040574,292.72632538494094
41708500.0,1619521112.0,1619521142.0,749.7380313190771,24.824158069107188,14.197817786185245,0.019933554817275746,0.05111167901865576,4.694352159468439,12.743853712117394,14.26348665074212,751.3388704318937,93.93355481727575,0.018992532985910263,0.03303846812179667,80.24320235807538,86.21015391466196,75.81448667427543,2.673226602560232,149.94805648621102,52.094077662733426,3.7515229647211488,71.65701619387373,28.342983806126266,492.90071083144045,290.8585766824961
61408375.0,1619600093.98,1619600124.0733333,714.1154999042612,29.733799668393786,18.29274005938732,0.7766666666666666,1.9533394540133948,1.66,4.215539231553353,18.342492660221936,719.22,134.01666666666668,0.025801486330206947,0.0417863105975856,84.37198114163745,102.39660158902592,79.67452002712426,4.474103349576962,280.08343263431385,393.09977410937216,4.643289284078992,69.4043642100695,30.595635789930494,1054.1178180337304,380.93461129004424
61279125.0,1619599575.6266668,1619599605.72,690.3342883825698,14.53359229248422,9.416988987987082,0.04,0.10192307692307694,0.31666666666666665,0.7931884511152804,9.446218676527755,691.7266666666667,57.026666666666664,0.013660125595202839,0.021091520800112607,86.98425719385573,91.09690279613288,83.81803928576701,1.83257215920718,53.41305158599329,13.124149478542828,5.457082227150659,78.14018469676247,21.85981530323753,165.82762491292888,99.29042384839275
60403625.0,1619596065.27,1619596095.3633332,834.3375968367145,35.704456092760424,17.812523427096828,0.4633333333333333,1.3889198641333367,7.13,21.360312942381256,17.87608989512609,841.2183333333334,121.63,0.02145063342431877,0.0429680682225661,72.11615414729134,78.1035853714082,67.30207424816092,3.1384532036805086,307.6742638665049,77.55933852070142,3.7692652069751693,68.24172491651984,31.75827508348016,1085.6814002784206,700.4477978912142
60594875.0,1619596832.0866666,1619596862.18,804.875421435981,47.932752646408744,17.341392397325972,0.5366666666666666,1.5567410802704922,7.37,21.345828498259714,17.533732971192126,811.7183333333334,160.06666666666666,0.021785737631319465,0.05969330855821655,74.8947441743931,82.75267248705354,67.78271985736806,4.487425459399367,408.0739297149913,99.31953436593137,4.666344345159346,77.75678490392416,22.24321509607584,1654.8188137131724,1147.4253496322497
61513125.0,1619600514.0033333,1619600544.0966666,646.647524632685,32.72049199038104,25.962878207854374,2.8233333333333333,6.378983053857969,4.183333333333334,9.681723681192492,26.006858224588736,649.9466666666667,175.33333333333334,0.039960875383899294,0.05011623544300406,93.69916040365003,119.26369264969757,86.04632806634487,5.7991254623948345,406.1712616195445,561.4751684835243,3.191557790260174,62.928373136866966,37.07162686313305,1258.9671205970617,291.3206904939928
87275375.0,1619703807.0566666,1619703837.15,687.2227365233556,22.47392410933128,13.298205990790436,0.37333333333333335,0.8908966498302857,0.7766666666666666,1.8842553984842845,13.336835413387684,691.92,98.81666666666666,0.019590840609523725,0.03304180881150635,87.61462161148016,102.06185979392609,83.6099325525715,3.680555057890864,221.97721921004322,225.64929208239516,5.086350352476136,68.96636814126704,31.033631858732964,681.4707810636387,233.8442697712002
87915125.0,1619706371.8766668,1619706401.97,749.7556229057634,22.13253151369215,15.471839706247666,0.37333333333333335,0.9793315582789266,1.5533333333333332,4.172347651295019,15.518117275331779,753.06,96.11333333333333,0.020837925870822643,0.02973041577303891,80.25263110733938,91.96505347766018,77.1313025241839,3.039417211973476,191.4297189275852,269.9866522199708,3.5331825190677213,69.77100124681738,30.228998753182623,632.6506957809783,171.23432463342223
83201625.0,1619687474.5,1619687504.57,610.7630904228049,12.940330810685369,5.4796796282939555,0.02666666666666667,0.05614657210401892,0.02666666666666667,0.05614657210401892,5.502640005449376,612.6266666666667,47.446666666666665,0.009016979461263995,0.0212269408865558,98.3104171559253,103.0166768662437,95.14371650879043,2.1036212222366792,51.80945402338446,10.15339587977321,10.80473158246351,88.35293290916165,11.647067090838336,150.4110787093867,88.448228806229
83308375.0,1619687902.5,1619687932.5366666,630.8679699331078,20.19056703519578,9.939887135225062,0.5233333333333333,1.1247339114492543,0.71,1.5552145840923974,10.00092315553374,630.1533333333333,86.22666666666667,0.01605444073499858,0.03225215446509485,95.35296891461495,102.91565286887982,89.3412650168635,3.0711196069834568,112.0670775689291,57.89661398303094,5.586390822348167,78.716228259549,21.283771740451005,426.34443435996695,256.3807428080069
83424625.0,1619688368.5466666,1619688398.64,612.0054908620942,17.145168032261846,12.465246570529155,1.2066666666666668,2.519274004558794,1.2066666666666668,2.519274004558794,12.488030731605551,612.2533333333333,93.06666666666666,0.020734120862551293,0.02825379924972001,98.2632630751658,109.06580385812163,91.95468862755216,3.001090142706915,99.59189551166027,113.83485766885072,6.158842871600346,73.54435237347941,26.455647626520584,295.94084456681514,82.51409138630423
83672125.0,1619689360.9366667,1619689391.03,552.1042789783104,17.792599451342383,12.537990826242025,1.14,2.2263581661348137,1.4366666666666668,2.7924145282968675,12.555757007856725,552.6,95.76666666666667,0.022472045030633096,0.03194448543764428,108.93013511490145,120.47773865513885,101.62223870643626,3.4671866779510205,138.76073675473947,154.1192841622466,6.720712561204683,74.94643276272492,25.053567237275093,396.736478128879,103.85645721189297
87478875.0,1619704622.8666666,1619704652.9633334,714.5162201295531,26.20371213027857,17.462499779113642,1.04,2.59203806106887,2.8366666666666664,7.162931327693844,17.504601264584775,718.6933333333334,118.18,0.024605859888227895,0.036887100320398526,84.18851990838493,96.38008232246888,79.50170742094026,3.4890058777681663,248.39506812857678,168.31523351410345,3.776615901798848,70.316554934517,29.683445065482992,654.9778248219167,238.26752317923646
105223375.0,1619775762.2866666,1619775792.3833334,589.8754982999777,14.163018588491392,9.596596915894361,0.5833333333333334,1.1855497327135982,0.79,1.60663421778968,9.62055509740921,590.28,66.62333333333333,0.01647604141803292,0.024208001781515567,101.94640701164239,111.58814975713743,98.05891565679936,2.7030319501033904,71.66475933119446,67.97394950195712,7.382783792977184,76.69764980895903,23.302350191040958,218.56277348745954,78.92406465430793
106597750.0,1619781272.0,1619781302.0,586.2846545650855,10.978193946521719,5.091180089009763,0.0,0.0,0.0,0.0,5.12162793058984,586.2292358803986,40.74418604651163,0.008745653755888635,0.018824697440540442,102.4553680739985,106.33632354989989,99.10890784167863,1.9234361757504626,30.638849237539198,5.47172502259265,6.568517685319619,83.79027280102667,16.20972719897333,123.4313905630431,87.32081630291121
105273295.45454545,1619775962.1818182,1619775992.2424242,583.422394244873,67.05005218845373,40.47896567256024,3.9393939393939394,10.038513478632986,4.575757575757576,11.740361364165226,40.585830607857,573.4023569023569,297.76823793490456,0.06518592581681289,0.10809204917595505,106.14798376805035,128.50649095462637,85.9681377571951,9.707633545764821,4199.107760525156,1691.6180773039518,4.968979237531049,70.66389584398188,29.336104156018123,9251.447948072282,3360.7221102431745
105449125.0,1619776667.3333333,1619776697.43,561.9451070948172,20.984484644585997,15.776206358476815,1.4633333333333334,2.857994698390027,2.08,4.06124768221539,15.797534467612886,561.42,113.65777777777777,0.028024784925833542,0.03727383063339201,107.05492247244982,122.1453763494075,98.85716330121511,4.18993677381085,187.13840624196789,238.7955973836121,5.361957445384527,69.61304101206083,30.386958987939177,543.9321198508303,117.99811622525037
105550875.0,1619777075.2066667,1619777105.3033333,568.667692550953,14.368352177052275,9.210274810341586,0.57,1.1613763732443332,0.57,1.1613763732443332,9.235112699992875,570.0066666666667,64.56,0.01612705345349919,0.025165194703201513,105.66806745691535,113.20364083615704,100.85115712789056,2.7024345737984112,67.99900857795897,33.835336316975514,10.534236726244632,79.60912007762374,20.390879922376264,186.08705925914657,84.25271436421208
106683250.0,1619781614.9800665,1619781645.0,571.9260510620018,11.703943964069477,7.289602389373272,0.2823920265780731,0.5570227068593858,0.2823920265780731,0.5570227068593858,7.306258556199025,572.7475083056478,50.58970099667774,0.012817744214720983,0.02050937231660705,105.00653470340434,112.0700339952434,101.63472351944256,2.28771216484606,46.33761989178272,33.11360877510511,6.768839844670907,80.01353610149107,19.98646389850893,149.70762203665538,70.25639336976758
106835625.0,1619782225.55,1619782255.6433334,576.033343907221,12.76641176745928,8.362863217686439,0.5766666666666667,1.1416138763197587,0.5766666666666667,1.1416138763197587,8.381760330678015,576.8066666666666,58.541666666666664,0.014623690197865413,0.02225261401956967,104.25602890404194,112.67715442863413,100.82751909445041,2.4460125435524227,40.10108905192512,29.160878045676412,6.775852319051439,74.42818756039533,25.571812439604667,153.9602433512222,84.69827625362066
106953875.0,1619782699.6466668,1619782729.74,568.4321526540757,8.323063456636055,5.218839959201025,0.0,0.0,0.0,0.0,5.226909810000311,568.8333333333334,31.8,0.009196499448361003,0.014650796182888873,105.58802583929503,108.7835761570129,102.84759983137677,1.535774099779333,22.304224846222194,2.726573430198269,10.419543084559555,86.647019244758,13.352980755241981,59.77180865904992,34.741010382629455
106615875.0,1619781344.5833333,1619781374.68,589.8994032463893,10.55639246461438,5.19862653660052,0.0,0.0,0.0,0.0,5.229253769684223,589.6866666666666,38.53333333333333,0.008876068781888072,0.018007188849913862,101.81176445406696,105.35053586494188,98.61131182200961,1.8275697517281158,26.776959779858725,5.253655237824668,6.052440248621395,83.3170758474119,16.682924152588104,116.37643854069708,84.34582352301369
16840375.0,1633509363.5,1633509393.58,749.9698878362909,39.086954451463654,28.27220429732502,1.2433333333333334,3.3244782627003415,5.133333333333334,13.682205963175157,28.336434726221437,755.1533333333333,185.69333333333333,0.03785818666728699,0.0523091062919162,80.56028446809844,107.79453163426037,75.37950186023089,6.061339793868256,551.8287987497603,793.4168744825758,2.244059243069549,60.78519856678851,39.214801433211484,1717.770359679632,372.52468644729595
18261125.0,1633515057.2,1633515087.29,783.9002972815242,60.077947542772634,42.095072403870226,2.5733333333333333,7.117477568793357,7.803333333333334,21.75227164801468,42.168625732558446,793.6133333333333,283.4,0.05443972497510073,0.07746970510432757,77.5731419168685,113.59326096679678,69.36118110153994,8.668378974319223,1262.2180265558632,1611.3733569107906,3.4327343791717637,62.828219396711056,37.171780603288944,3595.772293768041,722.1809103013875
18539125.0,1633516171.26,1633516201.3533332,813.0131811184165,28.88902398991116,18.751073336503303,0.37666666666666665,1.0237232686149096,7.113333333333333,20.71959208553636,18.822972100292123,815.8,108.68666666666667,0.02341762353354188,0.036296251107613635,74.0570776976887,80.24420318536706,69.54788584466468,2.790978470134778,247.08334334017331,86.28348606506263,3.235597735451963,66.86425236645864,33.13574763354136,702.8250969698332,369.45826756459724
37608875.0,1633592589.03,1633592619.1233332,793.643071883914,23.16695130070063,15.795468266140558,0.09,0.25396825396825395,5.846666666666667,16.667660517660515,15.826686267660955,795.9333333333333,88.0,0.01994168460761862,0.029188189423879306,75.68221854061885,80.34103467631881,71.86415302635912,2.1944001914281763,189.25754651743844,75.86281569898253,3.168876465696491,69.79566956059936,30.204330439400632,323.4501082406878,58.329746024266846
29775375.0,1650923899.5,1650923929.54,763.9689989103813,26.583015598194496,12.68663872027554,0.016666666666666666,0.03912882982650425,3.486666666666667,9.583167157941766,12.768403285065485,764.0283333333333,103.73333333333333,0.016714176462459648,0.03526309576114862,78.76233265828411,84.42665632944893,73.53837801379375,2.7979484566460027,207.8694327725737,41.22305102579247,5.508309187492593,82.17390641462443,17.826093585375578,642.776750415413,393.6842666170469
29637625.0,1650923346.8633332,1650923376.9566667,769.945619303514,23.37768626218209,12.483240063123361,0.05333333333333334,0.14814814814814814,3.32,9.164021164021165,12.516578118185073,769.62,94.42666666666666,0.016246391333535466,0.030336717291974128,78.00821701636293,83.18482982569549,73.57971395033536,2.3455258624399056,179.23584088902552,31.442241324733562,6.289254981263238,82.89195997820748,17.10804002179251,384.27652632132765,173.59844410756855
28729875.0,1650919705.1466668,1650919735.2433333,648.7436608431077,17.52540617335638,6.814249199782562,0.0,0.0,0.22666666666666666,0.5242032730404823,6.852764031533737,650.52,64.94666666666667,0.0105445578909726,0.027033613680071896,92.607314072956,97.42566786359755,88.14751210492419,2.491832434989901,116.94773218155572,14.343829612071271,9.93969094834765,86.22135495012961,13.77864504987039,258.4654118795157,127.17385008588874
29928625.0,1650924514.3666666,1650924544.4633334,797.1328292455538,33.18915512598157,19.083420717153732,0.8466666666666667,2.503072390572391,8.23,23.677853397706336,19.13394656447193,799.6333333333333,126.09333333333333,0.02389059728141741,0.04144643053942944,75.44376322266628,82.06356058732308,70.11148594461656,3.1062368478402442,366.3253655087249,59.30439550350695,7.038559027003157,83.7212536431763,16.278746356823696,771.3670579417047,345.7372969294729
30060375.0,1650925042.8633332,1650925072.96,786.3116708889339,29.369742791925262,13.99610146959324,0.09333333333333334,0.26481481481481484,4.756666666666667,13.44985950125269,14.051562416598312,786.7066666666667,113.01333333333334,0.017858182436199053,0.037315602372380983,76.44801269415571,81.85488547736334,70.96779468973128,2.8142089582303544,239.7318482707063,43.35298507578348,6.6080878142211,80.76685362835931,19.233146371640686,622.3769553844778,339.292122037988
30436875.0,1650926553.3833334,1650926583.4766667,727.8845327190032,37.20772118567676,26.78819712885833,2.223333333333333,5.823353616774669,9.746666666666666,25.371114434272332,26.829244846436236,724.7466666666667,167.13666666666666,0.036771266477089636,0.051039961694068506,82.67518004360123,89.8956067962798,72.1703732338273,4.002303151397324,464.543019782012,209.43249181549575,2.1436402534516317,64.07283502992098,35.92716497007902,1015.9477601004861,341.9722485029784
47686125.0,1650995759.0266666,1650995789.1233332,586.1786051964687,16.10330410836094,6.4156817754341064,0.0,0.0,0.09333333333333334,0.1977846493721345,6.46359091945252,585.5516666666666,58.736666666666665,0.01100585385631454,0.0273237207992227,102.59035881583344,107.40438378788159,97.26464905680989,2.753635393377616,89.20182362364221,17.69521914767108,5.6190196731860125,81.0562471624192,18.943752837580817,262.51172790281214,155.6146851314988
54155695.99303136,1651021715.7456446,1651021745.783972,748.659612557816,104.333065382174,76.71693504139193,9.554006968641115,25.37394374145295,17.696864111498257,47.92084693591015,77.11057730516883,741.4398954703832,447.8745644599303,0.10879566550677316,0.14728155693277678,84.5609472448881,122.3026702458738,62.671643967450414,13.716631192846762,4292.145593329417,4474.367805845896,2.9190187201309064,56.836202037178744,43.16379796282126,12707.439631501953,3940.926232326638
53161500.0,1651017726.9030101,1651017757.0,506.8136631746443,128.90747897729455,94.78164870574417,38.35117056856188,58.55331947231064,53.7056856187291,81.57743905106952,94.9083414869321,487.6827759197324,585.9892976588629,0.18581429308249742,0.25212653846318317,125.99760177227246,193.91224910253885,68.61127352458999,29.386002343825314,5047.145693720572,6785.52666227406,0.8884156017475718,41.25495592096849,58.745044079031494,13733.687441820166,1901.0150858255347
53886125.0,1651020634.16,1651020664.2566667,809.74186228398,26.60688162383304,17.324673226389514,0.63,1.8716648275471803,6.3566666666666665,18.68673517386753,17.376311742249957,809.1066666666667,101.82666666666667,0.021356140808159046,0.032700778655507676,74.21191806591143,78.91545368807111,69.6799054113876,2.376658675439731,230.36456154623636,34.43781783000264,7.1931228718846585,84.17745388802669,15.822546111973319,489.2356111169949,224.43323174075587
96094875.0,1651189972.5,1651190002.5566666,768.2677096433238,46.1050534771051,24.14033570564327,1.9333333333333333,5.327391316041925,11.276666666666667,31.176704985349176,24.242554129185535,764.5933333333334,166.81333333333333,0.031522178455126865,0.0603083411448304,78.61451529499804,87.14267105535258,70.14701981603588,4.677392205624586,609.5379818387537,94.30716516726653,7.453280072303596,79.96702749557889,20.032972504421103,1631.9603883101586,928.1152413041383
18177000.0,1617182254.0,1617182284.0,669.7469080722148,19.122948017259112,10.189461758059098,0.6511627906976745,1.4820238193445832,2.4617940199335546,5.57255004852796,10.220828791045264,670.2558139534884,79.56146179401993,0.015469387392526145,0.029008532021221053,89.82233580367993,95.10401900751683,84.27345311991577,2.603497510066841,156.33460316771692,32.96853673967665,5.49328865758489,77.58019086815641,22.419809131843593,400.18463725900267,210.8814973516091
24517875.0,1617207682.7,1617207712.7933333,871.6442182845749,46.709669496561354,39.47079623203508,5.763333333333334,18.017889833941467,16.263333333333332,51.50652749250885,39.56782733746568,872.84,190.84166666666667,0.045723467841185514,0.05459670168278092,69.34939308235664,81.85808775312489,62.67613311401503,4.2826132009652325,636.009818810297,552.8368108895643,2.2529617491551717,48.49324031991415,51.50675968008584,1725.3404517529261,536.4938220530647
29106125.0,1617226082.9966667,1617226113.0933332,837.6963643299526,45.44064318761876,38.6031361975396,5.833333333333333,17.85220422805812,17.966666666666665,54.378355645777376,38.66868018294185,832.2733333333333,188.25333333333333,0.04584655706100623,0.054110534560525184,71.8869159670495,78.86261565034305,63.41680644520299,3.7418812462112343,632.1466464796895,284.37702271993726,2.9750868066505967,67.53295825706965,32.46704174293034,1218.591940547163,302.06827134753627
38100125.0,1617262151.8966668,1617262181.9933333,869.2839348169049,43.812338725595694,41.565992970149175,8.536666666666667,27.37268292543026,19.253333333333334,60.879443068645536,41.62888765881832,867.9066666666666,174.94666666666666,0.04739789157227319,0.050397776827376874,69.28941621135758,76.05133695177948,62.27870309342251,3.424292533678641,321.9292911017343,371.86549998894463,1.1797568443931197,46.23712072948856,53.76287927051144,1092.1821079198305,398.3873168291514
33076375.0,1617242004.9366667,1617242035.03,687.3674158167413,15.268065018765775,7.842895282684876,0.0,0.0,0.6133333333333333,1.5269765460745253,7.881940352921089,686.7533333333333,60.053333333333335,0.011431635650370059,0.022162116163806235,87.379361914448,91.13640128213986,83.53723710212444,1.9096591716598657,90.1344771919063,19.904165899792922,4.817943415791381,74.71027517490359,25.289724825096425,199.87784552357053,89.83920243187133
34169125.0,1617246387.3333333,1617246417.4266667,644.8076301628632,25.952713902272826,11.356988443282965,0.28,0.5581562634317847,2.6733333333333333,6.266597973366165,11.441650044321902,645.5,104.42,0.017750340585626034,0.04013500861040029,93.72428162722319,103.1552628991015,87.09694097992967,3.8122943816046297,266.9722253539971,59.47736362795274,4.865689813004111,78.77379554174715,21.22620445825286,609.3976830634901,282.94809408154026
41349500.0,1617275183.0,1617275213.0,739.8497820285198,38.039548194159046,15.926193005277662,0.7774086378737541,2.1186486739354717,6.222591362126246,16.99033401430905,16.090734809734293,738.312292358804,143.98006644518273,0.021620032164514098,0.05240662697140284,81.86812736439447,90.21806945632424,73.87824916208851,4.306877728218922,367.91168970739693,91.1004350956417,4.932338900096832,76.06281625768929,23.9371837423107,1528.958257312105,1069.9461325090665
42572875.0,1617280089.24,1617280119.3333333,631.3031850798764,34.068842260118096,15.374768575520832,1.6666666666666667,3.5224242634383858,2.6,5.603534844582046,15.447875293832334,632.7633333333333,138.62666666666667,0.024610301854075315,0.05439082967729281,95.66010016036303,108.36597848780342,86.44254624261498,5.299116194402356,347.57147146732876,199.15918640068253,6.340320655860158,76.51368455286236,23.48631544713765,1158.1585931260483,611.4279352580371
68819625.0,1617385349.6733334,1617385379.77,852.6624382692471,18.312914403164122,18.63649094661308,0.4066666666666667,1.255050505050505,7.6466666666666665,23.49837859141702,18.65669783338063,852.4466666666667,74.32,0.021867595223714374,0.021461415749388393,70.40470915358773,73.36969975857374,67.26717681700373,1.484462665764144,67.09873890935266,72.1750389253487,0.909164718392769,43.49113315337306,56.50886684662694,190.75123793781603,51.477460103114666
69292875.0,1617387247.62,1617387277.7133334,876.2841528097301,56.3957351747073,30.164874607063805,3.2333333333333334,10.39184652333085,13.736666666666666,43.80333108179242,30.375747270289654,880.025,201.51666666666668,0.03472718207817507,0.06556049010904431,69.09001226125353,79.3480350695708,62.01512488382878,4.734934834859732,807.9903850920554,268.92588163197905,3.2035806999419134,65.52500152081736,34.47499847918265,2568.2672595104586,1491.3509927864245
69777125.0,1617389189.71,1617389219.8066666,867.385835848546,26.726278854153325,20.19922617088129,0.8333333333333334,2.642014907135875,8.363333333333333,26.324063520813997,20.265422924322916,867.0066666666667,104.38,0.023290219492857717,0.030823351970486794,69.28903497179333,73.35124958498805,65.06674911044337,2.0969146436761834,189.84041679742174,89.4955798418784,2.6330950465277456,64.55893945233765,35.44106054766235,412.1075103929477,132.77151375364753
69976375.0,1617389988.8266666,1617390018.92,853.9627687973325,42.47190123680022,25.173700452105972,1.5266666666666666,4.638446559367122,10.65,32.90604198881004,25.280595780935787,853.6083333333333,161.83666666666667,0.029891912645580363,0.051268365349784094,70.7847894523502,77.72958444478144,63.88575622925769,3.690151475720219,605.913407859071,152.03074836987184,3.469582512825516,66.3697716361891,33.63022836381091,1528.5604226658027,770.6162664368597
87776905.72390573,1617461363.868687,1617461393.9629629,605.9687451924859,174.8425662837723,131.7839779019387,36.888888888888886,70.5126264840521,47.774410774410775,88.85422680957458,131.94964084880993,587.2751122334456,757.9629629629629,0.21315002809636419,0.28316155048805886,110.11907613439398,186.5959462319859,58.64061860308367,30.657237894647313,9398.7269908854,9317.772688582654,1.1694001938544467,48.82483343410401,51.175166565895985,23725.85242523735,5009.352745769296
92199046.23287672,1617479094.19863,1617479124.2945206,985.6183949004073,83.08550481844921,91.69451286608198,16.363013698630137,59.28256053791994,23.023972602739725,83.3011924018636,91.85576024585816,984.035102739726,303.0445205479452,0.09284893414770226,0.08405915759795739,61.59279194895832,71.18512283821671,52.7961695901542,4.977696312998755,2438.097254940139,1995.2893936556839,0.487034818296236,19.16181417446503,80.83818582553496,5416.756767618876,983.3701190230539
92887875.0,1617481856.2433333,1617481886.3366666,993.3831059466427,72.98893834042826,89.71893871499461,17.553333333333335,63.59433497536947,22.96,83.0083713434288,89.79851740597773,1001.0466666666666,290.7366666666667,0.09052641354042348,0.07391976410374876,60.99827309281385,78.30075522658686,53.270630005334745,5.656843812012042,937.0516681327083,2078.3421512173054,0.24253905134881384,16.858539274053406,83.1414607259466,3455.7859345241613,440.3921151741476
11556500.0,1618420908.0,1618420938.0,795.7963761746057,28.08305570014592,22.941466495759062,0.7342192691029901,2.1181848355973822,13.17607973421927,37.74715100980491,22.96935616722826,792.1328903654485,110.80398671096346,0.028833473796469722,0.03522475976615401,75.50773285446543,80.41671596943756,70.05577230555896,2.595534999624003,209.9959694109633,228.23012219617146,0.7643938479720402,36.6057342506502,63.394265749349806,538.9899408580901,100.76384925095535
11693500.0,1618421456.0,1618421486.0,782.9400242097566,26.190436457362868,23.529217524127176,0.8305647840531561,2.3454007624419972,12.465116279069768,35.09840391216197,23.554166205983126,779.4019933554817,105.94019933554817,0.03006246835971764,0.03342861819883017,76.72439094091828,81.23349632899901,71.06649309933933,2.4885207496593633,104.69690232888068,251.9857558378524,0.41826989764183303,28.48187726452188,71.51812273547812,420.38732926633935,63.70467109960621
8540500.0,1618408835.0,1618408865.0,761.2523238584807,38.24835778420017,16.575461144052124,0.18604651162790697,0.49544629126680256,6.511627906976744,17.980582341320538,16.68510698701408,762.2857142857143,140.50498338870432,0.021907714338170334,0.05101612555757426,79.37088805583718,87.28787643707659,72.25343849324456,4.083901527571398,486.22502054157707,107.9780308143836,5.696995373884144,75.04597441416026,24.95402558583973,1213.688349434762,619.4852980788014
11114625.0,1618419138.5,1618419168.58,772.2729360535727,49.9930467431928,28.032231826250598,2.5933333333333333,7.274723445272982,14.15,39.38522463001952,28.145879824484467,765.9,188.32,0.036350314978594304,0.06495163472548819,78.14885874955189,86.52805206151515,68.05652755789002,4.909120590919285,625.5620297866483,297.72757703274885,2.1287801601217278,57.66943026984619,42.330569730153805,1890.0140685311496,966.7244617117523
8600625.0,1618409075.5566666,1618409105.6366668,666.5239316233631,29.595003985858263,13.135363048931225,0.33666666666666667,0.7572260122445136,3.5366666666666666,8.338376958418538,13.185668346131683,667.72,122.92,0.019966713482908155,0.044421279550528374,90.43053481550872,100.35537137865644,82.91649686883021,4.0360484967800785,406.80555243135234,68.7690931554403,6.915108291958941,81.96015499078868,18.039845009211323,848.486449599993,372.91180401320025
10540250.0,1618416840.0,1618416870.0,790.5595576627013,74.89478622525621,37.866413177528536,4.598006644518272,12.839476767008343,16.813953488372093,47.73302602060502,37.984276143303454,784.5980066445183,287.18936877076413,0.04862176655908202,0.09614872643475286,77.0617275098302,101.80557424422469,64.92217291422882,8.43156557911232,1340.637713335561,901.9080139834922,2.1412320518129015,61.67024190907086,38.32975809092915,4825.298524476444,2582.752797157391
11220000.0,1618419561.0,1618419591.0,717.403473754841,32.16197296365217,18.957302627314036,0.8305647840531561,2.1798042054467555,7.850498338870432,20.28955031156448,19.02594019201584,713.687707641196,133.19601328903656,0.026380720197849147,0.04481740646828127,83.96329417847541,91.7225425269067,76.05761422625135,3.727636895604945,218.5583384287366,151.65732939713956,1.7873426466258067,57.36699788635453,42.63300211364547,809.1322551496581,438.9165873237819
11403000.0,1618420293.0,1618420323.0,809.3611658616935,30.792007464993457,25.45230580641412,1.0664451827242525,3.1442344379612313,15.677740863787376,45.83670254571174,25.482776334161404,808.2259136212624,120.51827242524917,0.03143906082746134,0.03799588707221237,74.25436280857893,79.70158972686504,68.72914722570064,2.769908395601692,165.80261287614272,343.17296202620344,0.5344362207728243,29.248021976152064,70.75197802384795,581.8737246864191,72.89814978407298
11911000.0,1618422327.0,1618422357.0,820.899762150129,68.87765270454734,28.905983261495262,2.8006644518272426,8.063084090826928,14.514950166112957,42.88304013269615,29.06005231788863,826.7242524916943,237.2093023255814,0.03563620334033547,0.08487241847406375,73.82998850142592,85.89352575422359,64.00117106532096,6.355425323816879,1178.5149945965047,219.6408438009628,6.566437077703483,80.77819265135605,19.221807348643953,3632.1557249499197,2233.9998865524526
30710000.0,1618497572.0,1618497602.0,636.2903849892119,24.505283873959282,10.64222583563774,0.0,0.0,1.9136212624584719,4.327378157512391,10.680767539737154,634.9568106312292,95.82724252491694,0.016776606248994744,0.038471176906909245,94.50334687500515,101.49132972443938,87.39369885118069,3.577630590249414,270.82893526377825,73.76905098788355,4.356035865677121,76.1392040283368,23.86079597166319,487.57133047741144,142.97334422574963
30874250.0,1618498230.0,1618498260.0,688.3793078175541,24.723762441313852,12.810386660154803,0.09302325581395349,0.22708856656672877,3.179401993355482,7.793366413898654,12.846206272186643,687.8205980066446,97.91362126245848,0.018666879327061507,0.0360056214783554,87.32023603060577,93.64118600922731,81.19654317387293,3.106583350804679,265.1213120924099,85.49197078787657,3.8574419413662584,67.30669236544183,32.69330763455815,466.5319727728626,115.91868989257615
31026750.0,1618498840.0,1618498870.0,670.5759667366586,56.06716998576415,30.601736774223,2.6710963455149503,5.990676395520577,8.471760797342192,20.06497718567436,30.71834122591512,666.9634551495017,255.7940199335548,0.04688966344412899,0.08484343813336656,90.50568148368458,113.46291817319596,75.47717930417645,8.0362164054029,1159.086271222943,725.8064981986022,5.165180016602152,71.44776372063795,28.55223627936206,2729.1462890726452,844.2535196510996
31151118.243243244,1618499337.6182432,1618499367.679054,738.5733218603594,31.881993562150154,19.155723104431804,0.581081081081081,1.5648554056909285,5.20945945945946,14.148539475704595,19.259500691322806,737.7162162162163,129.5591216216216,0.02602513508294165,0.04324823440438725,81.54107938194315,88.64947590464385,74.73642541289632,3.435039916619808,283.67366869242437,211.68166625641834,2.138546531376636,55.47852621649737,44.52147378350262,904.8734208526406,409.5180859037978
56313800.90909091,1618600052.2036364,1618600082.2036364,1069.6819083043943,252.15053355241315,190.12000138650228,12.309090909090909,59.18907471211777,18.054545454545455,81.10874801321715,191.54248807896033,1053.7732121212123,883.7981818181818,0.17126315368394723,0.22725988712797107,62.238532677986974,105.63327195352565,42.596666056719904,16.374428100421085,21471.98817831373,14420.813389980469,1.8003653631852687,52.42435752313349,47.57564247686651,46254.472686761874,10361.671118467679
56545534.375,1618600980.1375,1618601010.1375,794.3110103805369,223.85731349772922,147.92250766145432,16.966666666666665,50.677906043833325,24.241666666666667,72.43317766553334,148.62708331173445,753.0270833333333,896.525,0.19342898372968179,0.28918089139685216,88.23974317498018,148.115254603314,46.670332102046096,24.670919672350927,16166.448863202133,10840.865819738367,2.8986379377990277,65.07983006781531,34.92016993218468,36167.30745050007,9159.99276755957
55000250.0,1618594795.0,1618594825.0,877.3841450717913,32.7657903044351,28.699516771342424,2.46843853820598,7.838763668189775,13.950166112956811,44.25917152989546,28.740418356147924,874.2524916943522,133.156146179402,0.032754695642649545,0.03732698707854119,68.49439809532709,73.58067843428812,63.2235345789198,2.5146073988221223,232.35726037718112,257.6263425753389,0.8062352385568129,40.15556893916041,59.84443106083958,634.6449327472169,144.6613297946969
56870264.705882356,1618602279.3308823,1618602309.3970587,777.8841159058061,167.27001393841965,119.75840505699371,16.154411764705884,47.3360273525425,25.36764705882353,73.79547665913162,120.72195051669836,761.359987745098,718.141237745098,0.16094942275141194,0.22477330279056854,86.19818380936594,131.9957034573524,51.61711369527788,19.405821429022026,9617.337827809488,6981.2175655483015,1.462940538529437,49.20371409859192,50.79628590140808,21406.873435907404,4808.318042549616
40558875.0,1608203840.6766667,1608203870.7733333,676.5838589993334,19.06396113984252,11.66337850785133,0.6533333333333333,1.5729184110777983,1.0333333333333334,2.501104010377975,11.692105244741352,677.1133333333333,87.71333333333334,0.017276833920435004,0.028153429005739722,88.78925048606305,97.58636775023466,84.72397248989483,2.651612294549375,137.19704636771712,90.4575200660696,7.876365366717769,77.59766416760958,22.402335832390413,324.97115932579305,97.31659289200633
40193500.0,1608202375.9966776,1608202406.0,738.065402773481,7.874481621070767,6.5369501457730514,0.0,0.0,0.0,0.0,6.548732775104855,737.3189368770765,31.654485049833887,0.008861982337126087,0.01064952024443176,81.31333375211446,82.92616331014489,79.45722996309932,0.8505846257595953,16.68094270015072,6.525265399746558,2.8373289834378905,70.32834525870108,29.671654741298926,39.55004636578146,16.343838265884187
41287125.0,1608206760.5,1608206790.5133333,688.9773392982861,60.441776437512914,48.25244884617624,5.573333333333333,13.274033013976675,5.8,13.806392267426054,48.31139706009184,678.8933333333333,339.0083333333333,0.06950950989717011,0.08689694279036592,88.0220352133665,109.02503138916722,67.89364106949529,7.325853101622258,1313.7156070267208,1313.1619415825808,1.551632854012339,54.82808126193631,45.17191873806368,3174.5161967602894,547.6386481509879
45210750.0,1608222491.9833887,1608222522.0,766.971800439707,57.027904385918475,37.93812247473408,3.1029900332225915,8.246746227637956,5.6245847176079735,15.04562819588899,38.029456075078656,762.295681063123,260.66112956810633,0.049607158815893795,0.07503221280143842,79.1515350245799,97.46352201660335,66.39879711030281,6.677211370500737,1494.9783897318694,1148.8445634385512,5.3547348438123,71.25573185520315,28.744268144796834,3126.421859807424,482.5989066370031
65671375.0,1608304530.8733332,1608304560.9666667,775.9427888505916,104.98685903895088,92.26142756985452,11.906666666666666,31.125175783070517,12.593333333333334,32.93183061604114,92.4033697416333,734.0816666666667,450.96,0.11850393045174684,0.13475284615972696,78.72469024561991,100.79917905959434,55.91133002451844,9.652612801849061,2238.8943588345496,3156.1539098354374,1.0551263582901422,44.204979004881096,55.795020995118904,6342.434938043009,947.3866693730217
86697000.0,1608388832.0,1608388862.0,762.8894418622066,110.8120721054727,88.16416620631047,8.086378737541528,21.18728251661265,13.003322259136212,34.0774572257882,88.30224411621697,732.3521594684386,525.5647840531561,0.11489872052543411,0.14434503306991606,80.26357322037506,102.20057515481614,53.144198512674926,10.128271358363081,3911.511805852476,2041.7739897867752,2.9474773864609434,66.71152628006668,33.28847371993332,7143.575034526755,1190.2892388875048
30795750.0,1617230920.0,1617230950.0,879.824801884199,30.156664469864634,31.41447510974623,3.475083056478405,10.992991754432117,15.720930232558139,49.88793870545558,31.441350588290202,879.2558139534884,111.64119601328903,0.03576450177633116,0.03431403512376882,68.29193059947616,72.7471402326915,64.09574298883285,2.302986918507819,94.42007391269748,367.55388009470647,0.27236834857950354,19.694755476059157,80.30524452394084,538.5493420563552,76.57538804895123
23770875.0,1617202743.5933332,1617202773.6866667,725.2729262340498,18.639106392905468,15.733058887228493,0.0,0.0,7.71,20.074504261346366,15.756834925482284,724.6883333333334,79.22666666666667,0.02168378058642254,0.025702946011533123,82.81055702394724,86.87344826918581,77.92677132796601,2.093414239471997,77.70273479650625,66.76596443835909,1.2436698487729516,50.32394469006952,49.67605530993048,245.88276758022013,101.4140683453548
29735875.0,1617226668.9033334,1617226699.0,877.5936147998107,39.03576358000059,31.834129755804096,3.35,10.476035035380386,15.373333333333333,48.8338006147304,31.90466016136299,876.2083333333334,137.61333333333334,0.03659196880550481,0.04584616421979119,68.73718244730458,74.28098501851305,63.11607883687987,3.1857579533671134,310.0197060248159,296.1636610626853,0.7801196548644692,29.920773579407893,70.07922642059211,1378.74938427928,772.5660171917792
51084625.0,1617312296.6733334,1617312326.77,537.42915442162,149.16474640773546,114.48277384854414,37.276666666666664,61.88639068198737,49.81666666666667,82.19305196461251,114.58598848121265,517.4317222222222,657.3183333333334,0.20829196555271173,0.27173210016989,121.51290274282007,192.21465961561984,64.4371390238923,30.397451626762656,8467.66278001142,7948.263996900745,1.1531784977901305,49.24261139462452,50.75738860537549,18445.03662935879,2029.109852446625
18305875.0,1646557866.08,1646557896.1733334,684.5316037784405,43.249379353046535,26.272278892031835,2.61,6.143676391812702,9.283333333333333,22.741397834951385,26.35305032303408,685.4933333333333,200.36666666666667,0.039143304043005395,0.06416281903730504,88.50785772800252,109.49507027304998,78.50354314466666,6.146466026750062,501.7757279096204,357.2416220267268,3.52830587028355,64.2557961871315,35.74420381286851,1531.202139653636,672.1847897172889
44879125.0,1646664408.6366668,1646664438.73,969.4277122552394,51.64235708244861,35.235580380102476,4.26,14.965575016724442,14.916666666666666,52.43594234628718,35.3548406576364,971.6466666666666,190.21333333333334,0.036486252327256545,0.053295736408703526,62.11500060320195,69.20515104004829,56.71287628441873,3.312242626564221,794.3882343638082,262.3754661944097,3.220101282417026,66.963123783546,33.03687621645401,1589.6481726316408,532.8844720734228
44882125.0,1646664420.6766667,1646664450.77,969.7513865847412,51.730475633189144,35.42733248147015,4.306666666666667,15.12895761114152,15.01,52.763939062214924,35.54761759382313,971.8133333333334,190.67,0.03667706209193757,0.053373422545690566,62.09409251513869,69.18076551427004,56.671033396103475,3.315756546880423,800.234460425737,265.812538324866,3.225260782787322,67.05133366485647,32.94866633514352,1593.5954653391152,527.5484665885123
31418625.0,1648857095.5266666,1648857125.6233332,994.6688669950738,18.469881797583458,17.698348131430983,0.07,0.25000000000000006,6.496666666666667,23.379188712522044,17.722410382845144,994.5,72.80333333333333,0.01782107537818864,0.018576234880409246,60.344540977964805,62.512376552775905,58.11022158084264,1.0977732079852822,62.00673452529067,56.544415713432585,1.1194902536076026,44.70119145995528,55.298808540044725,175.47637367647678,56.92522343775352
28886125.0,1648846935.9666667,1648846966.06,1079.56049325736,35.481691887919965,33.30525644937774,3.07,12.138974358974359,15.45,60.95876068376069,33.373181004399086,1079.9266666666667,131.83666666666667,0.030906043872938257,0.03280780806876924,55.651497160954776,59.24097408552933,52.43899896206721,1.795687504498674,122.06673750912736,207.50539079473282,0.6068534650671215,35.29009517981508,64.70990482018492,616.4392388917028,286.8671105878426
29641625.0,1648849966.7766666,1648849996.8733332,1022.7596950210523,47.87438829593473,23.198208739926965,1.19,4.46430660738007,9.736666666666666,36.771656379934946,23.57504498510357,1021.755,166.52,0.022993149951191023,0.047388153944249736,58.99020925010961,64.17539875769286,54.338051313356836,2.782951383918706,281.9194876244338,135.1545861831461,2.3864674488847415,65.4920593927695,34.507940607230495,1404.0092738570695,986.9352000494895
31119375.0,1648855895.1,1648855925.1933334,969.1860786618424,46.33244781973462,19.845692093506024,0.37,1.2004855320534507,6.4,23.029901957983025,20.323709469139317,965.1233333333333,163.54333333333332,0.021390267789562656,0.04867679239689925,62.59825207502278,67.976209212041,57.022695140055255,3.0392465997007156,372.9951416558562,108.50398806420885,3.5555922584587285,72.53686690074059,27.4631330992594,1671.9913226528884,1190.4921929328232
50312375.0,1648932889.77,1648932919.8633332,980.1886694404409,83.64443984854108,59.925663575017495,2.45,8.66622136792882,6.053333333333334,21.465707508410514,60.198912878542444,974.89,376.97333333333336,0.06180438985209263,0.08582794281288682,62.22264863648253,81.66252162403596,53.18082116437939,5.818396382832951,3503.3927393179106,1714.3949635119593,3.309434487404022,65.4537190711565,34.546280928843515,7187.598296307532,1969.8105934776602
31517375.0,1648857491.7033334,1648857521.8,889.1895670441234,52.324580996241714,29.756030705837706,1.8033333333333332,5.021943958993883,5.746666666666667,18.184560017319168,30.00733274939926,894.6833333333333,207.59166666666667,0.03628726136669825,0.0632181276415438,68.88843245374332,90.50862877763345,62.42631465867432,6.102662108275815,978.2002682646042,1015.0213826629506,2.674566807705122,59.84338393272122,40.15661606727878,3375.167797673755,1381.9461467462004
51041125.0,1648935813.29,1648935843.3833334,495.5095891619565,121.06885205895735,93.43901518842684,38.18333333333333,57.53826902134853,54.99333333333333,82.58131289860556,93.49337285060214,484.693888888889,530.5683333333334,0.18803319229350024,0.243488312911366,128.62700494617218,194.33114918925446,72.62450080236411,30.346282644344647,4892.86193274146,5708.963957105104,0.9687421486563972,46.716817927728556,53.283182072271444,12277.372979725202,1675.5470898786382
52090000.0,1648940020.9833887,1648940051.0,1007.7549127732711,21.103840178416586,14.550184812849125,0.0,0.0,3.0398671096345513,11.130582226927743,14.642795745656391,1007.5747508305648,75.99335548172758,0.014526450583319885,0.020901337625643546,59.5853501361619,61.80993480455175,57.33560098253741,1.2221866423437013,74.11668220932934,42.21715691119951,1.5047443532511267,49.79852135986071,50.20147864013929,290.0325689821525,173.69872986162363
52563375.0,1648941919.9,1648941949.9966667,596.9161583177186,127.59157185146381,91.32475961195699,30.793333333333333,49.38010418179203,43.11,70.54819070359787,91.48466712189145,582.3620833333333,573.655,0.16635753869146427,0.23020126919704348,113.61145823747846,177.72078354336148,64.99357698957358,26.194139360414386,5153.801148622925,5571.758299239613,1.3483272945803404,49.00845629074311,50.99154370925689,13728.652562429093,3003.0931145665545
54183875.0,1648948421.14,1648948451.2366667,995.936140500517,38.742424673080286,28.264065666080157,0.7433333333333333,2.7399945733279067,7.736666666666666,28.304270229557588,28.378189816214327,996.9233333333333,158.02333333333334,0.028676915955585535,0.039067802908655705,60.548868709343076,70.98601408742562,56.70016182007168,3.1375061223825313,581.2690406245641,726.6218045869599,1.5566195352824157,55.98164180810978,44.01835819189021,1749.4210514870883,441.53020627556407
54357348.93992933,1648949117.1342757,1648949147.2367492,816.0481512890921,84.71330094939509,54.53263419247469,8.713780918727915,17.013352727543037,15.084805653710248,33.53653999867509,54.79553753574991,809.260011778563,368.91696113074204,0.08441330104481996,0.12671940720255107,80.63471558443094,105.54910196872257,58.21173742127666,11.7638945177189,3528.3887426449173,2871.39165237928,4.089558698229901,66.8584241773494,33.1415758226506,9159.289782897424,2759.5093878732273
67956875.0,1649003678.0666666,1649003708.1633334,757.2962059549428,14.923502944545517,12.211957491450143,0.0,0.0,1.6933333333333334,4.586396112711903,12.232898151739922,757.72,58.24,0.01616370919950522,0.019749027862306347,79.28691042055443,82.78619993741029,76.6071269638863,1.5551947593262654,42.79067066070649,36.171691815944975,1.2284875609209254,51.10122792445637,48.89877207554364,150.37401119976684,71.41164872311538
71235625.0,1649016832.3633332,1649016862.46,1017.2605269719637,22.040594983821567,21.233688406746744,0.14333333333333334,0.5337132003798671,10.253333333333334,37.94712386379053,21.268296120483644,1017.52,81.46666666666667,0.020897964855890478,0.02164419991198415,59.01514141059946,61.43224594926876,56.71062529833376,1.2531798279519413,69.94710718379433,91.37574073203587,0.7798191572084808,37.99547308588254,62.00452691411746,243.62919261276207,82.3063446969319
73976125.0,1649027827.1633334,1649027857.26,1020.6428165480751,22.874902986845974,16.445752623850534,0.0,0.0,5.246666666666667,19.559388142721474,16.50749390111194,1020.1333333333333,86.00666666666666,0.01616261775763357,0.02239891856406711,58.82247504708597,61.208512303540395,56.28110993282331,1.2893423264877626,91.70025888682419,54.21948669012023,1.913224920744342,56.51121456959509,43.48878543040491,277.1859813605573,131.26623578361296
54186875.0,1648948433.18,1648948463.2766666,997.3979177309493,38.782282300360265,28.505403546298428,0.7833333333333333,2.888142721476055,7.95,29.131902048568712,28.617934674359883,998.3433333333334,157.83666666666667,0.02889042938916577,0.0390702705295176,60.46008658956283,70.89064774379771,56.6296636552215,3.135597403860436,583.3672593878421,727.4711192978016,1.5643768233519386,56.12838875795792,43.87161124204208,1747.2691516993716,436.4307730137283
54415125.0,1648949348.8833334,1648949378.98,972.8259118950508,27.304099223047892,18.029511275967035,0.18333333333333332,0.6498357963875205,6.69,23.741601289302437,18.118406105441053,973.5766666666667,97.6,0.018595452264432596,0.028166055873965524,61.7676766159043,65.1505543317341,58.870453309902075,1.7302411690095665,142.63413045813854,61.413041788243575,2.4012768463855667,63.75663263416044,36.24336736583956,466.1024130846711,262.055240838289
71253375.0,1649016903.5,1649016933.5833333,1018.5874968539335,23.27105400848431,21.25049306801432,0.09,0.3473314339981007,10.613333333333333,39.55297381630715,21.303657570296917,1018.29,86.39666666666666,0.020883852347776562,0.02277155086595407,58.95228130291827,61.38170451183665,56.43699626192208,1.3102313237336425,83.27667499158822,92.83623371140605,0.8570919403716185,38.048213766719385,61.951786233280615,296.93194091476533,120.81903221177102
73992375.0,1649027892.38,1649027922.4766667,1023.6731075533662,23.098284936694625,17.18604231848825,0.0033333333333333335,0.01282051282051282,5.763333333333334,21.54846696513363,17.24344467630433,1022.7066666666667,86.87,0.016829879439883202,0.022546163462049917,58.64997388557865,60.9773852573758,56.04426858011029,1.2914053261790617,89.59936503994501,60.50516772760037,1.566864460319833,54.35859515989712,45.64140484010287,284.26544405656534,134.16091128902
74016125.0,1649027987.5833333,1649028017.6766667,1024.274688317217,20.902349248171422,17.64977725810992,0.09,0.3428300094966762,6.226666666666667,23.302910052910057,17.688376848819416,1024.0533333333333,78.51333333333334,0.01724531567536026,0.02037220447460228,58.60964166494928,60.753524940929495,56.296405565607714,1.1680710947096686,76.58427218199276,65.04571723005215,1.154470032031033,49.47984270257821,50.52015729742179,223.4417475638005,81.8117581517556
74560375.0,1649030171.13,1649030201.2266667,994.2011409964315,50.80883456752218,25.67337332787216,0.88,3.010879365323765,8.78,32.242754988503016,26.000568978289387,995.1933333333334,194.90333333333334,0.02703980158694994,0.053086092022727835,60.96342283086075,72.07496608107894,55.746693761891315,3.8065930336223754,492.9333825687776,410.99913555737146,2.7169872078982658,63.117326989016014,36.882673010983986,2060.025011136027,1156.0924930098777
75983500.0,1649035875.0,1649035905.0,900.511633677114,53.49409816956009,23.003716780595976,1.6578073089700998,5.635306776436065,9.966777408637874,34.422969689709035,23.385722720357514,899.8820598006645,188.93687707641195,0.025454292497385653,0.060462297148802704,68.19005559899237,75.97744258534948,61.21011048282388,4.120525482195169,554.0746360478176,173.28012493510428,3.667339182733094,70.41063529672857,29.58936470327143,2287.145780602748,1559.7910196198256
75411125.0,1649033581.18,1649033611.2733333,970.708153256705,21.16590332668204,21.068287743673153,0.09333333333333334,0.33210180623973734,9.913333333333334,34.98275862068966,21.110875621192843,969.5133333333333,80.52,0.021739080799045674,0.021776287659662656,61.84404893958104,64.18083471481732,59.11734473046353,1.3130462860811045,50.071595454238874,116.35734344172025,0.4168162201405849,26.232295974483776,73.76770402551621,238.10285179027338,71.67391289431426
25728375.0,1612375164.64,1612375194.7333333,700.185560588463,8.583374367028377,5.102368138904391,0.0,0.0,0.0,0.0,5.113205866699344,700.3083333333333,33.76,0.007301528004975902,0.012263517886359512,85.70826724578144,87.65650609561388,83.53585604863004,1.0376645662446178,26.896738329972067,5.287196436485606,5.205045098317839,79.220683782509,20.779316217490997,55.52389094768623,23.339956181228555
28778375.0,1612387399.9233334,1612387430.0166667,806.3003931531924,78.6539108017592,47.882067663079084,2.96,7.873681096486267,5.476666666666667,14.889156787906128,48.132996437147774,813.0033333333333,361.3361111111111,0.06214014159476901,0.10047399270970173,76.45908080398141,110.82483451072044,63.18389958572957,9.723054701896542,2469.907849005746,1829.7048787377382,3.25497097707768,63.87681468412894,36.12318531587106,6253.656375111722,1954.0436473682375
28965875.0,1612388152.1166666,1612388182.21,736.508897223237,39.95828371002763,23.920436861215173,1.39,3.6010425613442303,4.976666666666667,13.21513306038338,24.018026627987965,737.1733333333333,178.21666666666667,0.03263177567761046,0.05436839667423694,82.01965858719223,98.05619099227401,73.3479840030837,5.2518116917680375,747.2342836112729,618.6327010395756,5.872263721408061,71.69613718288555,28.303862817114435,1797.9040438320553,432.0370591812067
48353875.0,1612465932.2166667,1612465962.3133333,888.6207230794321,36.647976214748944,16.634823665962802,0.37333333333333335,1.1935882495041366,5.296666666666667,17.04626535921275,16.80753457494326,889.62,129.94666666666666,0.018926469020505876,0.04128747011431256,67.754206227234,73.12776527883732,63.094768694412586,2.7798060097615562,288.3439221798516,62.058923741993965,4.872388076513812,79.08442008831148,20.915579911688532,956.3142584378077,605.9114125159622
50515875.0,1612474605.6466668,1612474635.74,981.1927378215654,17.780058288248608,11.93371901659642,0.0,0.0,1.4066666666666667,4.997506537736423,11.980049072250116,982.7133333333334,66.24333333333334,0.012214162279080874,0.01813351098093646,61.176356882325734,63.4229142925266,59.26549268351429,1.0970042575840784,65.5153869468717,19.86460192331235,3.72084782844416,71.7497297096862,28.250270290313797,177.67849765713214,92.29850878694808
71682375.0,1612559523.04,1612559553.1366668,880.0955352385334,23.715406570427355,22.35108095987344,0.09,0.29177867383512546,13.196666666666667,41.949942978168785,22.379621468579703,881.2333333333333,91.54666666666667,0.025421396218890314,0.026911051246579422,68.23749132563556,72.16538183818763,65.0082843997412,1.8175710627338981,104.63293311068591,86.50094465690638,1.1403563946993422,45.94442574338097,54.05557425661903,332.6536378227595,141.51976005516718
65462375.0,1612534569.1333334,1612534599.2266667,770.5648031402383,50.08461146571151,28.05190523884007,1.4833333333333334,4.034181749423764,6.153333333333333,16.559174105210676,28.1607743010102,775.7466666666667,208.79,0.0367009696449208,0.06532816451152743,78.83584703892414,102.21346886706704,71.92629417957237,6.666718132612002,1179.751403872228,1035.9213138394678,4.021741128126613,71.48502947223521,28.514970527764792,2967.6105187032917,751.9378009915966
84867125.0,1612612419.6966667,1612612449.79,649.490762416314,22.260126235230647,13.891835551345178,1.2266666666666666,2.71530785660575,1.32,2.934786698177615,13.940037050341152,653.3616666666667,110.51833333333333,0.021691009525492716,0.03460452439375759,92.63700696872488,106.62480550092421,87.49885822287165,3.609185594763629,143.12941492658098,158.9619253511095,4.071342551995271,70.08300235822988,29.916997641770127,537.4124223573442,235.3210820796537
15733250.0,1612683355.0,1612683385.0,798.1173582603981,60.22906660129398,34.02744930189379,1.1561461794019934,3.484895736601444,9.109634551495017,26.70702192583173,34.215029535766995,791.4019933554817,241.02325581395348,0.04181820371589308,0.07454421637073219,75.91433085558863,84.69598525027787,65.32861518965882,4.9951171604914135,1463.878732477231,389.7774792214617,5.39931303938381,74.19448663728187,25.805513362718116,3046.026106375642,1192.3698946769493
15643750.0,1612682997.0,1612683027.0,874.9974677201157,71.79358085531297,42.04997982017177,2.12624584717608,7.292054949016418,10.006644518272426,32.20301664559585,42.318308690812145,874.9568106312292,296.13289036544853,0.04815329127954574,0.08256138852036338,69.72203334362109,87.56599924361011,59.9418862468807,6.22605694307829,2402.2144364828087,1174.4369341524662,4.007556934114271,68.87148170800702,31.128518291992975,5334.628326113353,1757.976955478078
45834000.0,1612803788.0,1612803818.0,600.9859946251938,14.85254675090531,8.301865733018222,0.10299003322259136,0.1996863145973953,0.3023255813953488,0.6595865832746092,8.328585316121277,600.6312292358804,58.80398671096346,0.013869661797927785,0.02469384302610934,100.16458125033897,105.24246999275638,95.32344772054164,2.449868821803605,77.8094930809153,15.222388786739778,6.575226485028316,81.55825226762548,18.441747732374516,190.34243169007547,97.31054982242038
55694000.0,1612843236.0,1612843266.0,649.9400544244055,28.817829250055514,20.590543220294627,2.1129568106312293,4.373375048530487,4.358803986710964,10.204475018071479,20.6470464289613,652.9401993355482,144.49169435215947,0.03296274143556301,0.04492027329632769,93.74262417134497,112.1464047872383,86.77436545724244,4.6150175840721435,243.1571970446197,171.05754903160076,3.5319004919323382,67.32063103855356,32.67936896144644,662.0316465771067,247.81690050088613
74912250.0,1612920128.0,1612920158.0,1028.571250665298,29.807089364308826,22.732218265215398,0.44518272425249167,1.715136958311882,8.488372093023257,32.474278932317354,22.840018216298745,1029.0232558139535,111.7873754152824,0.022153261304709116,0.028862502317484776,58.43206173549794,61.929586835879654,55.566833162661375,1.6530322134194808,198.12670532066235,88.28040002959885,2.2169119840636453,57.82089633621203,42.17910366378797,676.4104554586005,390.003350108339
25848091.783216782,1620842532.9265735,1620842563.013986,693.1747037028208,136.13007841956104,104.8203090771265,6.919580419580419,23.990442352163353,8.234265734265735,27.802908393241683,105.44799921936387,670.1972610722611,578.0454545454545,0.13816232521982624,0.1780023482878264,92.62358841989489,128.530661788845,66.03253103411627,14.450360641775234,11118.226061567142,8597.237403170346,3.5311474138677736,66.702437231273,33.297562768727005,22949.643075707252,3234.179610969764
25323490.625,1620840432.9625,1620840462.9625,674.6438613142549,177.05973504655287,134.19587018643927,11.491666666666667,37.686604765011026,12.65,40.972539810330545,135.05652033376484,623.0498611111111,794.975,0.19047814123240975,0.24952066052356583,96.4902685460654,137.51308232294468,53.150129089046985,18.274015677922698,10205.638362326772,6650.323006513129,2.894246549865819,60.67380999968334,39.32619000031665,22697.180489368497,5841.219120528597
31467500.0,1620865030.0,1620865060.0,639.8471202988214,38.762591038569475,31.27297971136777,5.136212624584718,11.335487544707794,5.6245847176079735,12.41281461393831,31.324011978150317,640.0830564784053,221.01328903654485,0.04913503518754955,0.06065931999912417,94.30975367638258,113.98702661547064,79.84381010272149,5.876655382756242,457.9877174798795,575.3173743328582,2.836892536592514,58.90593130137526,41.09406869862474,1356.0090020477078,322.70391023497
